{"file_hashes":[{"block_hashes":["owMD2qwPthaUufs91jsHz1Fc4ZQoZ7qkNOTQZziXmxo="],"block_size":4096,"path":"background.html"},{"block_hashes":["8UyKCMDYkLjsleQbqevLXH3itcZzZO5LL/dsupD0/5g=","WMFkDbgdhv9aHejgdzCeYIiY9wNcJvwxbs15toyKwOk="],"block_size":4096,"path":"css/codemirror.css"},{"block_hashes":["uWzmQTk00MbEEJFWUVUUCGGxpnOgRI392XJc5Du1zTw=","euySOeOWxDKSmRspitQg9oS5fMzTUz+TqKG4uROmSrk=","9bpPTMBKd/Q7WNI94kO432q1hNuWQEeQ1DE7D5D11Ew=","BbCW45LLhb6aTeXkRXBLmG+wL18Po7h5R+LEABn+GmU=","1V+bBm+Wcb7N21w/QYb4fepQu9gDGuUc84/AS8jaPfA=","nLFw7QsBQhpncjJsTAYFcHoFzQhmFUavv6Eo6ehY6Ug=","thsQwRrNW0z3XHOU0NRMOlaOkcz0tPpAPkcU9wFLmT4=","CVPLMfLnNZuTlIeMwnGJfMJ4k+0z28jgzXJsryc/16s=","WGzVAfONWXbLoR2IqhWOlwyjQL6VELnvZ2iIjonrAvs=","3mi/Dsmewh13kmwOZsnwjF5gsSoAtnUOymtH9rK8ZlQ=","im2kto7RJbZnaV11KIP32JdFA/n4ONwr6oDaJt7TJ0U=","ymZ80sgQ4/D9fPtJZO7eexozf7c6vpvY4yWm/woNJLc=","9+9LOwqNAjkSmTKbRNfIJe7uxswYdAEPzcWSk6kBOxM=","oElGOWN9g1Z+KdLUyp9z/c0v7S18myRS2IJyq5Aq8uA=","lMwixuXOqo8rg/WPSmz9i/GFrCj/aquShQvHAFjwzZ0=","GXoDO0iK31Mo3d8bfDwkLJLy6KTihu+oihEivLTX55I=","LhZyrWQweQDcFQjr6UMLlsAM08R5NcjA3ytK5BtURQ4=","nj4aWapyTaC2aBf5zNjCVnDwdfu45md50MoXz4Z1VFo=","CBBH1yk74OGTOTkDuc4z7xpNBoX1ry9/VX6jVc4yG1M=","RNEOw/Y+PbzlfVFF/+Kh94+5vGwzFCccqZOuAT57Qec=","G3JuwtERLDYjv2Ph2dAxPJSG7GD5zjeEf1IFnaPTK7s=","zZPuy3PwjufJ4HXkTw40NgmTg7Az2UcawDeEzW6HTSM=","Lo6XAuKFYX0X/2tAVPGA1zk0gsm4Lw4tx9PqC04m7Gw=","5Ke3twBzqMswWhrxj8TZWnkeDVgvajSLn3L9hGonybc=","0t5A6RSdRx/4G7p3RZ2t1V39Jpuviv7J/Qc0/Um1Tnk=","kfhDA0UXCImeqL/kjAQEeG9L9g5CRARpJhe94FN5568=","klyTXnl9KSCPvW+D3ioUvoV4MViv4kZaeE6tIVCSt/E=","Pw67y3oVomEno9AMIn6vqfkcWidK66LKWeCub3W0bBM=","FAPGN3B7FhEQTOcfR6COOuVdaNG/28wdA33G5BqVowk=","A0bfkD1hLE81+jJ7davnCuMPeR8s33kZl0clybtQ+vk=","uq0i/T9Xmsy2JnsMaBtUbAJW7yEQbghDP24s+QCC/GY=","3usNwNZKC42B0y4ghNCqjyftJh5hH0I+Cp37bd4kAko=","pu/nY5+LlAgTSEfp8NQu7fNyWdmpg+TAKaj9uFKtJCs=","4G32z3k8lDFPfDrB/kJF4JNO40cBF1CuzwcRqmnFqTg=","lSdxJkbEOURHsaXJ3L9A0hAcy/uK6W9FrBPxqHGjpEs=","QRnmMLyvAa5uLAQ28cUsxyU/A9W58hicnX9h5RUvE4E=","6kTtbQFDl4jPjr2vA3TowD3d/Va2q6V73Cqzu8qs8Jk=","H8/z2rhkUW+Ahlfrt81PtlNOzvJss1OoqCiLnwR3smw=","FGUJYzb6iFoKbA2Brl/uyURHuU1joi9k+XbehGkX4R4=","uqV/FU2inxgFFYan3kwz8Z6jq4/d9JVbHIPDJPX1ZCQ=","ZY0dj99ITraoK4WhxSopxH/7aCYpmqY/nnpIj0SMzXI=","RSEDoGgdp/dNVwfe3dHP39tBDN9e09nD5tQpOvQvc00=","KNcJpjRaOb0g9AqB0SqigTfKRbSYUAysVGH5jBGIXVI="],"block_size":4096,"path":"css/contentStyles.css"},{"block_hashes":["BhymO+eUJFr8S0nIR1535Z+y6MLcylYu+pvmPifJsAQ=","Em5nUfCMaHr9BC0dVKh0ZVZ5Gw9ESMRf8Sm9wC8NbaM=","vP2LwenrQ5hudTfxjWSCAEX2U7orQVodzEKoaq7mUqw=","HVLScfKok6xGvsO+SPrPZ4POW53oR/56XOIt/8zwEAw=","+wQFBo9wPRw+xt4bfrHcHoIhNRvV1Kxt2/M8EyJEAyo="],"block_size":4096,"path":"css/font-awesome.min.css"},{"block_hashes":["HcuZKeaVenQEkjP0oewLjQjf62w7f0qtDj3gceS8VdY="],"block_size":4096,"path":"css/gridster.css"},{"block_hashes":["ac5UhaugAP8LZ0Ut7cL69DJYteLbw6FO0fu9OKzVTvk=","bsWKEQul2yhhinIUva3hsN7qTj8/xyBSUXl5IrwAkaY=","2Ud41G4CEPRtro2tp+lDz4dFG0BLhryRq/ETZb0S9nE=","88PpMK7gjhcVdXoRcoaPn8HmjtXm1H6Us5AGCeSg0vs=","Ym1qrd5p5ltvMOvJkqZ+2FDC7SjXqwHEE3oC76bpAAU=","4dRzSpWBR24KWPIF4Amcv8NPvN3T88Ai1Eya+UJ4YrI=","bnKzY0XY7AaMjF7FHS9ypUuanr+BuHW3W/FKW8qfdgo=","dPDVqTIUq3WpgStMIAlK1d2I1DJ8cRqaXnywM2boCvI=","vm/SXeUS95GSZGKs5J9eU+TRZ6O6BxPwPXlTSKJkZzo=","eTbDqDOMUsDoB2gTCXIAxC96ag/nIQ9FxoDbd2rNN+E=","0hjt5qbvIi/V/bsRcCq6iX79uQGVITJa425Mx8xss4A=","PEEy8pY6iR2GlPhMfsTl7Gqumj5V0FsMPpSEf0Y91DE=","mTTomFv53KGLBUMZaXCPDUetNJ5qu8/7eM2+nip+QOY=","I0INJWgJz6kUZ7kR7GMZTW5OaX4uNEfMLdYsJsKTNUI=","GgCCtTUdvaE9tIs3braieA0NGWIz4cPbMPsjpPGedUo=","Q8wHayCnur+nCf3Ryh+mQa0gb3GIeBN7tu4hdZby9t0=","ukWiA6vJ3sQI1ZwrrKodeaEbW9xrOHWsJSQUjQoUE0c=","5yqXNmM8nR8Y/6S4IGYZJAJNIgv60PmgiWWRMCJYtXw=","RUW5t9qe/xdSP7kDZkglaDg5Y0QPoBS3I4ni177qRMM=","TBHWkV5lgqmCJpln8WzmtgHDU2W1NqBoJlgh3N2ozJg=","GwQplk8zB4nKrLfePFNcSbjm4W14ct8GNtDISXKKE0Y=","SSbqHJ+XJm+yPJnp/sfrr7mmVxWtoBT/uw4xquujMnI=","8AK702G/5pHCTLG/4lC2DZTO9S7vJ3iLiXd9FbAkOG8=","lL7+KxoIZUfEHGLoAnYRa+SasctVq+j+N+iy5UB+hnE=","7MozdKO596G1ijD9kt8j+UFV229VLCgl3WiRtd9tbA4=","b/sZVDQ+CqS3mNr4D1murA6uoBBTnkWXfjVfRyS0rxw=","QtEpLpBz6HFge1/2ysFY8t1DaLm3W/BumD6r+54gF/8=","aE0XXev/wn5WPY6XKkTheadV8Nz8s6rPOCLgFLt5lgs=","/mUWvuYT68w0T+SP3hTUiLpgAZZ1doIuo4nw0vuOnME=","8WBlgGtg7khr5YU8VT4dEaYNesaiWAZhJCMb3TamVa4=","/VPtWY9AW+h0Hai7n7/nUsgLU/yOsIrCpEYcQMCXCF0=","w44jjFgJnVUfvKf7BzwPLsn21Ui4/r5F7XU1tmZdlvM=","UPcciTnNuG6+18rJfowynfdecrBwdbX50gV+Znwo8bY=","M8gSg4MtEX6+41JB9kTgyC8FjcZdPvFPwqkIj6J8Vug=","a7uTaL4+SDh2nYSFXQOqPwBj4JezqRPg4hAl9eNyTmM=","HtVyVV0/eR1IUoqJGrHEPsGPDL1A7T0qz1FEuAQWL2c=","OxhpQtbkgBzOqNXCvSFygMtirLrnFhm7mIueu0eE1QY=","nc5ONhwt1r5qii8EF3P23pW1673So4EizO8wvFqI/Fs=","FmWTGaQoDQNqFL+jtgae2pflUp+gFXoQOZhErfQfwjc=","IppaKDegK2jH+1kesuS1sz3F0o1x2Ij1yA2gmeMzZWQ=","x4THCX1v9510pZbvTCS5bKhHn07WKJ7MUvVI9G4lehA=","aHbPbgqg8dffFKGol0ZS8pwqtQOW+uWH3Nqd1SyBxf0=","v/bCY12hC0zd41FF3KzVfCjjMIbZ+j7ZAkQ522NIU4U="],"block_size":4096,"path":"css/styles.css"},{"block_hashes":["h9rMnPnk5VhfnK2zeOkMjojXXeyjnot0w4YhnBmjzTI=","WfIxSN3tJ41eSseeMLF30jdjn9y2suPf0DELH9F1Yf8=","Y7Z7XSU9si8xNut0uCFqyV7I8aIvdwPhJBmMxy+RfQA=","yaWakJRVXZ6TRyj0/J+fkXuZd5znD5xCJMoInIlrDDQ=","6FlWmWZwDhSxuJgxhku0QNgnn7HwfeX6CNU2Wmmoy3g=","6k6fXlR2Msx/VRk1Qjo8+GOvgut2TiQ4iwd37m6t8OU=","PqRnrjeimvsKaRrCjxkRV/8Ua3P1v67SN03/KZChoJY=","xrRndAvwtB8uOoxTs9y+Bcq6sifAjgC3sO0d2uFtlyg=","nmV3rU8R6WcRB2YIv3BsF9RW8tv6KKtsHCHJQ4wh548=","UcDCbGISQVGtyF2cAZ8YgTM3Ljw2+PaOG/8CyFTLMHw="],"block_size":4096,"path":"fonts/fontawesome-webfont.eot"},{"block_hashes":["yoiM27Ju8sEKVc2+UtbLAdnuPBhq8xR58CxqHFSIrWU=","FqlHX4dKSPMBXHW0A++OfPfCeLlkU9SzHwY1k6F9Btk=","U5xKVk+FY99MMwX15l5KhMv2n+Ytyp323WBuGorO1js=","xgObsXI0q2OWKLlf1FUVyV9aURUtymj0Cm57iAhwyEo=","JTbuZBu7XPJmqfU2OvRa7A/td0r/kumm14AKgmlgkgg=","LjXBoV9q6Kijzjb2PKN19dKTk+JvJZ7bqSKa7BHh/zY=","zjMpdX6uDqE5iW6ffHGZxf9pTZK5iAZK7i++dXRXeh8=","1x2w078rb3hJLyPNOJWfhn91vFaGZ233rJC/6AEjgPQ=","p0w5UhVGvMeemb3I9kVW8WGT5KKOneqs5t3NFlHrgF8=","hgbex9IzGYygkM6QnUDL65G/FPYqdU5fTmVmiJ6uxv4=","ceB0UZaw5ggfWLQEd3KqyrUvKQgH2EBj6k+TZ9XzI+M=","8my1552XCm1qctlSfNqBRjQNC0VvpUBWOEd6MXiVpv8=","IKf0BHRTn1eM1fBKBvn7CB06IV9AGoGn8gWJBUo7cF4=","KgvKOkLUNlT9sBjdoDmerpkWQfbvnAX8HybnPRyE1Qc=","EpvbQRKdBAwv9FYsoQdSY3CPJsYePcpfOh5jpQNmpCE=","ND6Zxf6c6CwXysIOEcbyPlo7Dx4uFllP2fh1Q1HCJ2Q=","c/Fk+1v/YQJ6sC0WUzuceYy/h3ouZIsCsC1SpcrsvEE=","zYvPSYNeEmHqcbqSDIqu8CGyBCdUbOqJZt3bB9HnKoI=","rYUy2p274AxkBr6NyjyHli0vqSC8MfumNiSauwj9bhQ=","KmnIRFy7FLl6cpolU9lB6sk7XrzARV1y6vbS2Tqwbkc=","7IpPz0u6wHKKYLkl08gRAD/fPjesc5H9899TlBi4rcY=","agHFFJK+ZEPwK1DsESjKn0+nSKXhR0iiMQoq33rH2gc=","fjIrO3cLIyTkqQURNs+nL6Gkx9PYh6+TtRIja+cAoA8=","JEUSo57X/ousayCF8Q63jft3/bnSK3JoA6CB8/ML/H8=","zr3kuigvdmFRiZL0b++Dh4s55Iou5pKu4H7NKNidauY=","icU5UNUXGXTosawbEmY99OTcnxtV0J+lQBph0RUmbiw=","VamX4PrzeMXrJV8xA7e5qc5Y8WCws/xa9m6hFGj3FJk=","Hi58t8mQpmgBg4jKJqi9py7LwqXZQ4TJDOX1xaT1HWQ=","thhUr4AZ9/0ry+7U1M6PIVh12za6HuOTORJcqlxwdkc=","0Qe0UWlCJXocUTJO8zF9Ubsmv3uSunBvDj/unKkNgww=","XE/9iHpZU5JdhqHllr4jiovOHoemUIjiH75O5hx43gE=","SkiB7nwnqgBDZfwqwfrvRqe+YxnnWH6abx3U2YESBBc=","rJSrKfuOqq0bTCTVovBPnccwkUaifrqwMctdAnIK5MM=","XNTolDLqTAaLjaxIT2g0d3jIO4V3fzzJ+xcTfNofdwU=","QRAxcMC8BkU5CJci4JSPOH1ERHh557Q9so0bG66HeQE=","Eb13AupJ47PHSL+AJ6lNE55FoWG//2G96FhdYBL4Wn8=","EpOx90EgJ5O6w0mGAxsYBlLVbFJztLvalZzb8e4h4ws=","tc3wd3Fmfe4SNxEDFa9KXKbil2zY570tmbbplBqnHms=","JjXMpvcl/wlgN4Xrk6D4/zE6/9M4QYIK0hoM5+B5+ac=","P/2DEHS1alwBVeykG5no/ASyxroXsRVcSedhvmaK+Os=","5KRetrOd9oCgz9UsZEIUQj6VjVzpybnlVZfoxvIyS9c=","WVHyGwLpiHrgcPZVkTylvoyiVV9ISGoDx255FTZRKsM=","ox9n+SyAjbhXTkTgo29CQ6OmPbA6BVwLyD05EjE7I0A=","k1H+vzSW58IkHkAwHdynqmY7SXxh1upKa70hTdV3Jbc=","hN95+7YzY5h+Xo41PkZKLkeF8XslNfY4EKeM9fy6pHw=","7T4BMGE3AQwVAKsrM45mcFrdAw8k8RlkRJo23TddQIo=","1eeAYXmwK6imXXIn4BXzVcpEzc7nPysQzoviPOYQGew=","Z03ePyrKqi4AP/MMPtqSN8DxvjY0JNScOqPQ2Wtd5aY=","xsREMHrVIPrzhwoPypY2tk1MhgJE7YPMWOVl5gmJHKg=","0e6Thv3c2qElI0Q7LDM9aMDy/MAE7WPLFDFg4OsAZWM="],"block_size":4096,"path":"fonts/fontawesome-webfont.svg"},{"block_hashes":["qiSWWMpqRtSocK385znnMJPeLfgqD2sx0al6McxyW74=","FaE0OGqi5tWgDLAlJvOOqoQjbKgSdb/yOZQIQfFF+gc=","OONmabmiHfkBsqKJaaEN/uZ10afNiPdSphBgjxRSp3Y=","RndRwEIcASw4vzNwiRBFvoeGpw30c/AOZJjpVUDEoNM=","5yhawMz831gAp5bNj3QvMyFneob3d3KoJ2ekP0aP8gM=","0SsVB+uxQq7iDO+kvwEonmni3HSOPS3t2MC3bG99tiQ=","6HXIqC63aqwcAXhnBuOckKtleAH95+79I1UP4cWpi4Y=","6lPM3WU+RHXvegd+4ud6lpu1aJCFBQv7IM4NLOcSMIc=","wQrjeyQ3W33QQ4re+tnqsM7YQc1iOkP2KbTe2LQ00QI=","IdK7bc3+uNEmmAK1qVTOqRNV2iwmcRA7tUw9z+0BVDo=","B4jEMxF1GF6zVpSQP4bMrn8sy44SlZ3o1iKPRgtuDHc=","iToTJfMboWwzf/wEipPLonQsSkS6bYWwYArznDCjvoI=","k9SsLcZgMVecWswcTiaQNMrpO7YPfQL4kp2ckaJ9x5U=","CDjYOBhK0sVyT4BGcukIsVnsHxiAk5cGQa0U0Xtu4rs=","mdqpCgJvR/dEELQThf5FpuGJDWJJDECVO5zMXaMr9mI=","Vhq1Ojls6nN/amqkdkdplmTErIimzZDKR9MuC6zgkdw=","Vs7NAtGzj9knPM9Zgd9J4JRpQVts9c3ccjHXrIRx47g=","tRMdBUr9bBRs4QpjviQtz9N/YHxAbDcm0cyj/u8Wrro=","uhgYXtjBi7ai46i0EsvDl5T9zbobFHPG2u8CTAHta0U=","QEQpbSvIVzyYmr6cwtPlmiwYH57xgqsBMUcofqpMZsw="],"block_size":4096,"path":"fonts/fontawesome-webfont.ttf"},{"block_hashes":["5PSJoTpP24cIrmH2saR8K3CkAPrSoA0ByvZ+35Kv/aw=","EgQJsZEkRfZSehmjWmYbFrXwOyZ31ZTbiselNMvj/R0=","KkdH/wNOpPkg1Fx/HTSXJ3oy+zVHcqPP3UBkb7xwBrw=","/cKtv6IMA4SJgwUTyubrGtwhzV2b6vj+y3YA+twqPjA=","fIzepTWmhCVxrKru+U8c6WbTSWTTRaN8TG32yuyfmQQ=","bQL+L0ayaSPCNzV58QNqreM7yVwtPfPtobisYnlDX3g=","JWFEz5tsY0yoYT1IkMrg6cX7NB4zHTv1pGCXTpq8brU=","rkAK1VwTxG085nwUf0+lktr3CpOgefYS04KSUTEi6eQ=","83X8bBdfBQeX+Ppro8MPkzwH2rWj0lFylQKdxIwXA7I=","kMW6PjBTOPou/+tkfpSogKxlVE+T7BUFJcqgSbuSics=","8M/huyazJrjVkdLu2XCW5YIAx++6LwDJ5HAfAiAHmrE="],"block_size":4096,"path":"fonts/fontawesome-webfont.woff"},{"block_hashes":["7/ME6HLzR3x3QakwOb/dxridXEA+MzXSHhx5xOvs8YQ=","0ePu4O4dB/P0ejIIODuhd4hs26p+aleH/nZfobcMVuE=","ltgK4J+xtZbkGBem65xkG4QBJNJh5WNxSK8KjfkvJI0=","8jJ8T7xm5OprWdcyCIAJLhDYSeGINzay6TST4famsyU=","hB4X08OLYq25TCcWZuTsgewCpWuCiSvnYM46Almbe70=","OOpTU/Ve8H2L8EzjOv5J+jACwfSHyRjP9mj+DAP4TeY=","KvwAcbmQ0/xEzBotRpUBLXXqSx/iQ4T2kHKCnLCMvec=","mcZ5rqlwryptkCAW7IIP6YYwT+9tI1Dacyz/ASFaAvs=","V/Kjur/JHzWQFBMNPzHHoquTx8nvjy/aMzIkoKOLHes=","AJODIWfYiqdrM9iOa9hx3ByRCfOfSs9YiG02wismMe4=","sOHVGeSzPPcdM2iY4iYPWj9QisX0yK2rTbOOeYcAWVY=","Vk1U0F3jdCbzWZZIiHgu1W0DHxjRnoZGWxNDCJ5x50w=","GQzVQwWHerNY0jjPkep84NZE7fsWt9mj944m1KMIZRE=","myKbDnBTD2Otb1ypOc5aSWqHEVj5Gy2Nmf7L/nXgw/k=","9PwuV4ojrhK8JV41hQtVz0HW6IXXQpnLQhVHDtG7eec=","F4c8P0Sg0LQmvxRcMKrohOMv00kq7klYfAhTOQsimAo="],"block_size":4096,"path":"fonts/FontAwesome.otf"},{"block_hashes":["gMe71XwrWLc8sk8F4/IVnfFj1TdxHZlsdbo+37yXouc=","AUvbkN1wcJXMNwTw3J+Kp/EeIVFuuj2ktfZRNyuJtiY=","OZqCwSBqxVMsIYeaEa47GuyLhztS3zI2pbxntwsLL3U=","aE0MIsDuMNY2M63MHtwjCpyhe+3njBVHiyorsEJMmRg=","vpBaEnUhE7IfSIEeTeDbydZn3G/vPU7zR+W/vdYR7JM="],"block_size":4096,"path":"fonts/glyphicons-halflings-regular.eot"},{"block_hashes":["vjyCHZQC3s9C3ZXF7oMuR6Pip2m0kf5l5w07cPQktoI=","cY76BcUEPIdJuEmevIZUCoI4knMSafcp1QmYSPQm8YU=","gblDf4+OoFkGJsS33SIznrKeUtCB2dwMW5mQ/lqd2Fg=","osAFjM03y7dT+N150WJxH6Tdy1/A+t4mgiDrvdxta1M=","KFxkpQ/X1OIZYmyZV0gnBD0I/7Q4rEoZ12TLPbiZla4=","qJ3HEknpJyUOTKE0xBOczyiuWH8aT4DpD9OpeS0zp8Q=","F1VYRFRKTOwYnQ1IlBzXjmuz+iv2xKKdCB3RkLQX7iA=","iDXFL2HhjUUVNd7MX8osfBZneXw7CzSyzhqhsZMTtwM=","14niXwVWFNKPCD/JhSfVLJ3I51x7Z9aOQ0+DOlRjId0=","rW8jDRaI+nhDuNMKd23M+0OQn1RRQ3sNIuwCoTa4iF8=","LTx3oZUcsYEtIjSxANZJYQdJ9z+1sfCDqQM2n5FqJf4=","z78e1NRcHEDuQRnuaX7DyfGal0BkXo+HPy8ka2aHOSU=","z7soMt9rUic7rJtw31Z/mmpRhmlebZHAdOa3L9Zf688=","z7XnO7wuAzVe83D0h4Pka3yioOgIHXAKPIrUTJStDyY=","9dw/FUCLZu+CiqxocCrJjUix/eVqi5ZSMeP4kk8EJBY=","AxLiEYCfoa2YLoATkp4OH19WxtLN9FzQwT7PCikglKM="],"block_size":4096,"path":"fonts/glyphicons-halflings-regular.svg"},{"block_hashes":["QlQ011qDz9jUuETFijYTeQF0UwR3dIFl0JkDCp7md38=","CyVLaA9xytjDdSAuXdN9R0VuA+8hLoqI8h3dyklpS90=","8AnLdmJH+1AUzrVtt2m6doBEo7ODnf83WL/LNaeEFGs=","VvNkbucsc05rNUX3gZ8PbHcKCXUqgc+x1BKt0hOwlBo=","fJk5YN2lHOHn05XgCaKs1B+myMMPO7wrN1nJHW4cxzc=","8KWzqhvgqm12ZzJxXFhfX4NEaG8IAlWM4RIXbRi74jU=","SBNkCiLLjAwGNcBkULWdutAq9qKE3FVI+pStytMq1Lc=","Rk+5+9SnSgi4z1GuWkTpCmYXhswkPoBskrZXhCWWbiU=","Qc587h7jZrQPtUmyG733tk7zox6FEz89CMgNmfmmTQM=","Bz0adBIUcujFGTtZcaQgXd/vvRLtSzIi/XkLasUPsgI=","X5omcndwWcGLT6picN6ezC0VDt+HbXQj576/59tzLSo="],"block_size":4096,"path":"fonts/glyphicons-halflings-regular.ttf"},{"block_hashes":["6dKHAOmm2kfTpsnl5s+jrvqBBKu0OfwbhI0GhezVcNI=","i49ewFSO3lDDd5OSqo751jAALD8z4hQbuwSh5PWGTYg=","7Jg3sxEc0ViAXMpAZTIWvnamclFenHh364yKk/Zz16Q=","kGyAkSMoM+s3+qwn9pvtcFoSTHQ4eBJgSeFwelrXtGE=","5NSEeJAFyx5LwM6kt/GzBRwYMj1K38WVr6HFc73eXuw=","hyazWkGBK5+71A7ZVrWKN2HQyDnhzgfngdAyfNvwQzc="],"block_size":4096,"path":"fonts/glyphicons-halflings-regular.woff"},{"block_hashes":["b7XObc9z+ZIA+tsUfugoBppu2CJwJfEdH4Iw43N3UGw=","V2wHvpcGfnhPz7t8NO3veTh6i3KpF6LSLAU5R+/NWUo=","vNyL+QOB9QHQqfU3k/EbRsiXBe3UTU4Y7NOJ7rmSerY=","ioa83rtbAA6hleAbYY8wjTsQDVes8iGBnYuEiaPCmzI=","noqbTG5lUYCrTh3u1fJXET25mOOqRZBR8Ujy7uM0UEU=","1frkCskgXVrzZLlFkICyfhXZlu/PbNCL3dwxYfXUFKY=","j0XRO3HA2++5U2byDPSxBfc5hI8G6U7mIqQJWbzzuEA=","ZW4XClw+QLEfsdvehUg418b4AQHptxsJQciZNM+73fE=","QhXAZI5IgpTz63WfA1phxNJfAicFI8n0JGAMj6fFDbI=","KJzjTAmFXlA4ybhJ0kj7FebnlIqkjs5h2/Nckp9Rmu0=","jPP6JYtxoLtLCa/sKg/YwSwLQBe1Or4mkXz2wa6PBhQ=","gDaQS/LCiHeJlbI6I9z5laMyxYsUNcglSTkARBORvPg=","e/Wr43ACrBRoSo63OQtrKlXRKlrawlwZpDMScQbJV7U=","x08fD/zxgzgjcIq9yAA8aepH70fBz7YHzsm/rJE53Ss=","mw95Di+l7XfqwDtKRZSlO+QbscWMsql36hERLFsGomM=","mWbBmsgUfht0VhNqgMLjNRv0lbkVJ2Jv0yWbbTn0MgQ=","qincFL1MOfLAea2gHd84U1v1puu9Yeigzf2b0o4SYbM=","vmjGPL+fSXn38s6pTqa75z12splCkBfb8PW/VICoaL8=","QK45EPwwZsmgZ9+lJ7CpWXECPScoQfimVfcoGRguTfk=","NM9FEtR9Xmh8ijgQLdfyr8HzqS9dx3q3rgb0aeULA3g=","lh3YLSL758uMf7tnSTKUavOGhRIRhOq7BiB9UdCIZuI=","NyikcKMKjdY8X0X12cIBEUoxsvP5E3n5FjC0jPBZQYg=","5nWl+DU8y9MYfVOKIqTAPgvdeRBT7D/Y/03nHQ7Jizs=","qUPHSO5PGo7oxvv9uEeKkK60fA8xkZBAO/dOh1UwufQ=","W/7rJqrh1H8N8SNXnC1VPo3YHPkzKmo/SQADIr6zYmI=","7LwUg20sGJ2cLKQdz/4HgXhiw67tcXC4hsxRFtnauMA=","kjkwiKJF7iiGi+F/R1GIO78ajc7CA5DFv3IIirxiphQ=","uBPjiPDTIrnxXuXf0G2dyeMo3y9zZCzSLaL1STkyjrI=","Wx0f+Dq8ZG76NN+b26XFcLc7AW/oQ1akExqphVd6VJs=","oHTmD7OwjAb4hSKkfVuOl+w+tGSVFWXYF3Vn7+hORpM=","9BaUEgWj68FzftHBUMiMv3Az/monWOycCEkFu4Iq+jc=","YM8GdRO51mBXquTI/3Qp55nE+5/PY9ev1F75aUyIBVQ=","RIQ4D/QDtggwksqPXMETJVVkkXyBuitRLwJrfEnpSCg=","K3OkHXKduKUBKc/oQeaaIkniiiBIoRJLufFS2/siMXk=","aEutUTMN5LQBRW5PtSmY6kfgrrjPh3Ie5ta5wWnR/Sk=","9D8gOgeQ3KUITd9KwxSw2MtvkD60yT2pAzUFRnq5buc=","dklpH7lXmQQnI9NC0jWQlKrDWTsCWrxYAYJi9MJqHgE=","dQV7C1r3KbCkH3VzWhB7TVkwmLL4qdNeO3N+s1Y6ARA=","BjyEReTIaGRec42I+Nib5K3JL6mS+6hc6scE5I4F0nk=","qfvI1TyFRjX8FCz2XTJRzd+LVqJL6W9lqOFK+mfyv68=","xLlL9rejrRE4UPMtOAuC0Zuk/zhOMw1LO0pbUSoyH/U=","SIVLjahDIPkIpv+T1TUus6YzZ3Ofq1CnKNpX9ZBv/4c=","FaVNi7z1RmR4+IFXimNi8V+zRJi2K2UXQYJ+VRn1+oM=","IjI79qiNe3uPI/YLpDcLljjOyX5x/mprmDCpaChy4/Q=","HzJfm9UmjLW0JconeFyz7VBhCqTnp6j45Z//1vNAWAM=","veochR5iQgvv/M/n54Ouatf/uAYQtCR4H5XAw4yDgjQ=","KCR75Y+DDAieRwZaNijfsXPBx69qgbtYX+WNFx2Ss9A=","4njRjPA10tzOz88FmbCmn9ThEtbDXLNYRhVPBsXAc+A=","kI4S50krvDc5xQhWyJNmMejWineylXBFUpmXN+hgJE4=","EKqscsoAWOibUjFtQ6alwFh7H7gIUlEBMFuCpfGB1hI=","IpsRV3+wefO4qcF4RorHFcvBOAediA0v8rnRfQHNrT4=","5g51E0DytE6OsscrVbCkEsaYmnXJ9MEZf1DDI/pu3x4=","WCnXjWfZnXrsB6Sa6NShMDps24d7ErCMX2r3vMAgFvY=","dKGoDHgDBGDgLwRvqG2gaPUgWBaYxkhDqseQeqaLCn8=","1xqND44CvuLvvZK2Q4Qe30EDyj9gXHKbH4us69dazOc="],"block_size":4096,"path":"fonts/OpenSans-Bold.ttf"},{"block_hashes":["2h2wTX38rGYZT0ELWAwxGCNmcpe7iBZ9yNGRZba6JhU=","mAQctnwzLyfi/9Q5A8X34+zuQ8gRLafOYxebmLa6JcU=","djFlLjirKzv4dYjf2HTmNCRp9ffCjjDvuUHnprLPygk=","aY3JpFZ0RUqd5JmepPvbXSzrGhOFNxhJd2qXJDIApqU=","4geQLAT8r76+Mn9Ekp+EKrvEWfXbPmAjKDlnOpR1E3M=","mlxPnsQ6Y3n9bdjvWh7yVMfC5a1n9NWhp1Ec+UtMDwA=","DdHQdnNB5ds31ZJBRmu6/wie/XYJvVXx0TmPBqW8Lfo=","lwz/4VCK2YDETKqPYgZJS8pMlsKFnat7QiBNXAcokGU=","nggSOA2IAEw+8IY+EMT6GQ5bMdPEVl4aLfe7hdwKPK0=","0cB7KO8SfuQLGnvyq19c3Kfn0t9swK4/C8z8LLxd/EY=","CeAqk+GFsZvD+pJmta4pJdMQ7HU4ypXAqeK+oBE126E=","gy+XdA/q70Mwy7tajlB/z7y0LHaAEBCClT7R+1XkGOc=","8uk7h8Iinh16cP7hIS2dQpcLL0c9Lsn/Xo2y7xrAOBs=","ast/X/T07bxGw1ve0f5UlolreyUv62Lk1aN9Smslk14=","eOWlBMrawnkpB1w0DkXrITzb94utm7TMTalpbWeYadc=","jT+xjBdZl2AuhgjQP11CCgRqNn3xkzL/34lqgbO6KY4=","YY+Tnth9obeuMFiLZJR50VadiuQSLG+Yzyl1w71XsK4=","r28MqV7oKOZ9q0RhyrDG2vBOGyBQ5Jiuf5Td7G9q1yY=","8yD0ftny1osEnUIDNmuS16La6RufhuFbZKQJOYf4jGQ=","8pVBvcrKHui1ga0v5wdzML4Sjg2xlJ3KE3yxiPNrmUQ=","lhYhyiGbv7La7WCgIw/VzjTL8JnmBKpctjhGbA2EPmA=","XWO+L1P8gOuBTwglw+hSXOGWNed5eGLXd7jVR4L+ls4=","O9VcNmKtWSWlWBBu4GvZoZNrm0s5eD/Z0x1Hkv8KCV8=","nHrOC9d//8++km3r72nEVl9rrADqT/fhQpHYeCXd3GU=","IqBoJsKHwD67DbMrqC69o7+vvpO6zuwZg3Tla+9E3xI=","cX3jgAjaZ4kg6LZKX5MjO1RFnWtzQp0erw2zMMnZOGo=","eoBiheCWe+PkH9H0KHFTEiUujJ1Xn+7EYkHapLxAjjY=","2deY8yWG5MGrEA5osZHSt618eMvJZa1FJtCZUQXRq90=","ade1pxiwNw4HKeEK8E+qBYaHkV1dJ1y2mQ3Y83gme/Q=","bpb6+MptDfBjgZ1pvApk2NYpfhJRTTR9NzmS7W1HLA0=","HUaZVMBwcMOjQcK0DV2MRwPyegVVOkACD9ZSaUKnNvg=","D0UYSZtY9GBDT32thvBsRMQAzPO3WB66VxFpOAugt50=","DXYnSEr1LPpGhCdeMoZwpMt4hyms2ByRAswd/0DROqs=","dI8UrAyi01eJxKAKKAiXMtMo6qxydYTQixhQgXQMmj4=","vXhQgEo+1tNNntWxbBS0OaSkJXP/ccFhFqFpukqqfX4=","sE8hOD6IdwGdMX6BBBCuVysjIYUCqqR8GI15k28F/Vo=","aM158sl5uvhkjpUxfNiOOYtZLHLrzSGmOoAqCFtJbmM=","OzoGNpF0CEKJZxW2qgIty5Vc24EsXNtot2k5KFnyjzs=","rfGOP5O8uyowoGW6KVcxtEZjTT8SwnTqx0hW8blnSvA=","TS2CyZQ9K1E9Lpi/ehX+NhEm2xDNAQA74njhCYe7IuU=","pOB9EIvLPX/b9rYL63M2qTCYXNayygyL/zkSl15Fkow=","FzrbzyvnASSJTRCfMwaMiX+R6tTXx4crZa5hheopPN4=","YPkLbQLV56ZhEfrKsqYlJbXUOzAi/sIPyRAFXxUKBzQ=","60xD7CrN95rZgRA3vyonr/cpkXU+CZb5WOA+P5CCQeQ=","uly0dzvGu5zEJI+beF3O+/o3LU5pTwx92cTBuCt7+po=","EYRe/2GVIgvhChNI2gQV0BQtDhJG/dpCROTXtDy4uEM=","UQ8G9aelpgkdDWDX9opTTI1jWJm0CNCoG+c/kCff15o=","TX4gKrDvIZs50hEngABMtAQbYGDURqVT3VzU1XBe360=","xpk9j9/KTMkN7uzluq37cNwiF6hZxDsJASyLh07GFZI=","hWI+tTo7xto0D+tc8uzbKe2SUFKrXa+qzaRshhDpWlM=","L9qnSIGp0FdmwImndwEMm6fmUdlJiuntz+ac4hZr+3I=","cIKPZ6pk8i2PHq6D+yvjx65kPO6VBQF+JF/TuKiANeA=","g7j+zwjJ5DBhkSDh7wnuLD1cBTqkh4KLXupGyCXEuhQ="],"block_size":4096,"path":"fonts/OpenSans-BoldItalic.ttf"},{"block_hashes":["qSh5v4H6dYelBYLABLUWQd1LansSnGTambgFVbuebNs=","gepZT55o3570L+ZeyJh2UsHEWbCbvAYguYG4Lq9zjHU=","ouLLs8k3b/Q3ldVzTAE7Ad+rq+0GaDtIHFqs5M5l3BU=","7TTOCKfCHRp47/DviUuaIBHi3Q+lOfmIy4BTkSXZSFw=","FVHZ8e14MO3r2zknYKE+92ZNm3ws8ryWUFIw8MOXgro=","aTpguwvZlEP4uOUFSnYExfjzJgf0VAN/t8awXBLpMpw=","e7cQ6bnVBWYPyl7ErPP0XaqC2ypVxVlTnthws3RA/XM=","C1Qy9twQpsM7jKQgRH/SYEUGEAOLETJaJ7H9FOwnp5c=","+velFdHER+SBousqnM+wSJtSWS8uAyxbrbMqVqQa/CA=","57bsj8vnhL9ejAn624k1zbW/Y1wDGe1NTXrwMm9iDfI=","YrOvDW7ml7JdxWXxJpVZHWReSA0k/bxYn01mbc/NaHM=","qoTOSnKva5qbRdSaRfGoTEIvg4kWRzV5M/nBj56Ht58=","n15QhNjhCO63lcTAKTHHVrvmPcWuqcgEuVQWehuF0iE=","4MsRnoX3xQSMQG/D3B4gTA5Lb5uwmZeqQ6QtDcg/XpQ=","6gt1u1t3AQ07p8fwQ7HLuPcw2irT1AZMNsIB2bGVvZA=","19JsC8fxd2m1DeLqU3R+/R6/67ub9CULE0eQ2HfpJeo=","WlB28JPuxjVZiSG81pLsZu0wXkTi1aBSgE5iY9xaq74=","k0m2Ds9kdXGBw8wjfIpschA4y2JSSTaKHFICff3tv+Q=","dA4gCZpMT+ZgAuXGWN7LrIAV/99xIUTDziOT7aq6Dh4=","vQtxlrb8XqDHn60XcakGbk1NVJCYSuZb8sMDjMS90YU=","4BsPkxQPR6+a1q06j7dZRLvHJbNUTRxTkC1dDVjG/F4=","PMiGLHe4cd5wisiWJCrqCHkiN+FCEVrFk2XFej8hjwo=","eCR79JBk1wxC0ATWrp/sT25Y8vKhX7aGYUZHg1Xi/Zo=","+m+Okv5rWfJW6eo0xnhIPAbOb95uK4Qa8mLZD6GvPu8=","HpeuX0uVA1VjbAwRQndTmi4e3WWi5bbtl0L2L9E7QcE=","BG3dVcQSaUP/Nyvn34ICdsDqRD6GNRCJkpKcDsHyylQ=","BhuyyoeB4YhoCXS47Shi+JssGVuYF1ZPGH7GAXmv4Kw=","7ycR61avCzERI1C10rdkMjsnR3rLtcRLWg3tDobj6uc=","jW2fmK/OoFnFhPBNOURMrsBNi/IFK+10ykiIzc58SH8=","clLXVAt6QNgV0rgnRiYj8zDj2XN+v2MaTcyW/dgbDY4=","bsRO6Qb2kDN42rTOZV+1dCA7E8TtOcet0DLYa+83JRk=","oh8HqHs56XgZZI0VlV+V7Uy0R5I/qufNpKUtriMNMJQ=","sZciT8DUjzWvJ7CXWMMIniHmBeqTNuupVdPnNyMC8qs=","tNKqdyyzk8zX5tiG1zzCewOeKoMRvfiidRYegym54es=","9vvEysdlkgJ/GaE2g21SKyeNiPnpiUY4AVNFFK/Mmwo=","OrisrDIyQLY8g1a+gF8ufobQEbNprc5MYj0IUC9UpK8=","oFhM3t6ujcKtqAa+ZMimeVjqKnHdnaAMnA4yRUtGPPs=","bBVSrkAyE/vIwVnIvRnWSehyK+oa/AkhQsZfEUhon5k=","K8UGYcHKN6ZL3vEHhe/ZtebYM7gGBCSdpE9WSREY4WA=","a9xWdiFsg7TXaIz/wpHaimi2DtTanp5FUZu0a6bn0nw=","yaTLo1OBqNX04fNgsWK4dJlOMeRNJsCTkt5ZdETAb6w=","H7YZ0X2hjMfe/Xyc1DzBsA2PpVcoAhkXEdwH9ToEr5U=","5BbkMvSFuVbe1hhRwMPPD3gheYLMWgC/aHKJTwVkgSo=","qgASB835XV9GG6BzE2QKEyPPMSs5T/UeDXMG/qIrc0Q=","1cOb2AUtRdye2t/a2AWroLPcJhkZ0ty34EyqQ+2xYLk=","FSqrbVBxrGq6gc0sLRe70cbGZIVDWMCfvsIAvwW9fXM=","5PSB1eJ1m0ZKZ9X7lVyGR1aw6M+irmUHfDnNTaV03cs=","6akqoXz6o8prEjiM8y4tFXMH8R2I7a3H9RiYlvD3aLI=","spNw7M6KOOnGsgFp39tp1jua6TlsIOWon6oXlEL7ob4=","EmGRa7iebt16Yzv7kt85N3ygNv6il4aIU6Qbm7xkklo=","Hdjjmz4m0kDPsXr2x2ApNcp74ywnI5SE2+N7NDKTYZ0=","EP8j41oXMV3E0N85mAEscCYTpgW+IlplD4nFvGPvdCM="],"block_size":4096,"path":"fonts/OpenSans-Italic.ttf"},{"block_hashes":["QdGdho8UV9iYNV1mgcj+MzyTuAdq8g47eIMoF2Esv1s=","mhcaLul+9jYGlt025445ytdzA7FLi/idkJ1qD8EPP5s=","FCBlVpP3RM6igcFbc9cVzc0ewU0VwiN9MoqYLlVA9Ko=","p+9UuPzsUd4yH0FA9Mfc7ilmlSlKF6eyscEHTRGhtWI=","eunLKQmL5GsuNz112aKaoGeYXSA+PeZgLHOAs2I6TsM=","kBFtxhhRsSIRsilhfQklfwFsECNMpr+EQGmPQMw7RUs=","5ozWMO7goKbKMFnfII+hhXnfoPMfre8HijTYoCwGYME=","ddxmD4PLHbxoAzlZODcHYgWmbzz9FpNFAk/BtMgY/c0=","M9tqs1N5F549Zrteta1NsJzv8gisrZhi5qn8x1xePIM=","P84ngocPK+4Kv7f+VpvMywPhkQSMuBwWOWC6X/ocRcI=","65u9lqOybKRPXwOWvIg/Y6cakfurDR6/OHDaklR9c14=","QA+QkJAB/2/vROoxko0kR5iJSrJ4Evnqbau6IX3bVmY=","eJ3LuFhrLsG2HW7JizPQgREQq8xhHtR28K3zVLzsbao=","ja5wgzjuZsRjcGBwIjQnUmhkdX+hBxprSNrFRzaF84I=","70QfUIBiq2/3arf28Fh5fl+dvVgRiJ7P4y+9o9tE2Ic=","GJyOcSMoJS5HCffzCPNRlcJeBeK7tJy0pU+776MOZtU=","CCvsU6dfhzA/9l14HHmwxoX9vWi9Z3Wjt5DgefVYD/U=","2pa33QCiEc8R5CN8/crKtXqg8KoiFEh911KfmKTNrag=","0hb2XNx73629V3WCrboWWZHZOV6tHEg3AAc2F7vgwqg=","PerZrjd5+lePKNztZt4pWbpa0o7oGT08nVVq/mkdjjE=","YD1Rx8WaMvp8s4VTDgXbxJRNJ3n3hn7mjjmULV6E1Lg=","uHM7p1c7dhAUohlRUJoO9wI4fPGbLY5KCSsvzGsNBvg=","IByOahxPJL+vc3sDtmE10a40S97uKb1TGGZ+fXleW4Y=","wFRdGik5q9mFgLVjpA5MN/Z6YvrtgrH79SUTBnWzp1U=","w+gNr7puVLUJbuMAR/+SOP3tjkFQt2rDS+POjtHZlt0=","PSMUuAM7Zb1SFIEmIfz+JvA7+vzSjXATNMTWGs77fD8=","IEJYZOCQgMtLoCH/FlzsFJZOUG9YjHvJGciLjGUDH+s=","XUy3gHmsBDNr9nq+Hz0RFOLhyDkh0tO0dPOnVsdfqxE=","y1tfTRRwyALYhreXeM8bxAgppkhqf0UQJNTU2hZpDIA=","mZix3G/zVmowTMZd48qPhDtlak7VB0vzqJB+/xSFSZc=","s2y8qAorxbWEaFSuUOzr3W2NXcuYYRZFjyJlpGuzncM=","T42IjWkX0yYpK20rgD+5WsGdx3MFn5em0QsBESWx5O8=","IVc8g2FwKZ4+lDhoCbJe011+8V4pHAGDTRygmD8riVc=","dFCUANL705A7tHMI63YhqWtTIVbqif19AO/BEfJSwUw=","ffkRO28cK8x6qcBHrJOx0Wd8/WbOao7NRY5976zmfSM=","zA4K7I66jAXLEYydmZ6ZQ+BJL8f62fqJPXewwXKecB8=","PLP1AhpOEkbg4j3XE2Fsl4Mz8VKlU967f3GTnvX9ngk=","5dgTho4d/VWANjBNwd+aQ/6KEcCyO2wHxtt65iAOlxw=","HHX4UDe1v5b33p4Pwv3E2jBipC27h9ZvWmzgfPxTE7U=","PApzzjRfQoBzyQ1DM9OIPeBwb7w53/67Jguc0OC9SBY=","yDEhBJKZhvnG2jui1J8ZJ9yWYF44FCyGBmdgMbRqjS4=","wpJD/3+oY4vcaYlI3Ai4YiMn5OFtq4TJZ2ZWgqk7X3w=","I0OmclC8V3AfG7Cz5el1zBuUqXfiuulMPGCOlHHP2A4=","zb8syRyoyG1np5Kiwwyu/vk+CVMAnFKHZrGCdi4fIRE=","80fTho+kRkOV7oj2TktPbUGxiRU7SrU7L74X2IzMLYs=","Oz+7nI0oMUxCMXCjrb1f3KgVOGRdAVR90lCebiH2Fs4=","+cxGMgGRLo+Ipx4xfeL7MNlhld5c80v4ncjKUjufd9o=","yLU+8vHbEWmHcQyxJ+JuH8h4PQ+bhi7a5cV4XhCgMcA=","aLgE07Bu3Q5qUkbxfjO3TBsZb8YFd9kfsfA8KfHyBCo=","33WFnJPL9hQm9Vj0FfXLa5s8TGOTW02Xu+xHZBQxx5k=","qyAIe0XvzR+4dLmBrN2/cqI4YpeRZ0vMRVOP+H++oYc=","U+Xb7npJs2zUL+poOKHmGtn93/vaerwxEO8L5083yQ4=","u2IBuWfzhj1lNoNd0zZR+XtjPQX5dXziuyV4kQq/mZI=","zQbr3rfVVr169WJ1rHdyRmngxb7URH0KtRdu5PCdaVY=","cEeW3fuUo2Bp17cVCGI2DciSY1kFPtQhBdfGgRMAWJ4="],"block_size":4096,"path":"fonts/OpenSans-Light.ttf"},{"block_hashes":["iiPW71I7YyAAAMkE9gs+YbAEL47ksnyeD/YlfeYHnRM=","x5DZ4f5GU8YLg/bp329dnOe8mDNVpc1cAsw9wPZoROI=","mtWMKWFc/+jYJwbe3n9XVispdfqAJaNwY/Cprtp5kso=","J12MngNHJXHzAq1pVJ6xOvGma4ClirWfT5QV4R/BxZ4=","yuxDFoE8EPSXJkD/B+HxJ1/r0AhguWx64517LRjUw2w=","IhSfacsWCh2dNVIeP2TZpVEl8b1UuvRP4HtPgROEtMc=","AJRXKh7Ct7tOMsq612VdKLdZlmiCKyvb+GlrjRplD78=","ymbFGS24ahQ1hA4wqb2ykO0XoUumpcXZuprydJK1N0Y=","+Jk6NXmfBf2XjkCe8eX7uDVs+RqwxaBXpZbAw9pnut0=","O9zZ7q8A3M/XbDQgYUYlK3qhwHJZHrdeO4Ul+/q1nko=","5qH6D313AGbxeJvVAsoUX1i6Jl+DxFkxeUojHGbRHd4=","t3j4X6WRclUANW1XdndSq8vEUCcdkFSTQhA59v9rq+A=","5/9BwiU6nhM6e24ykw/Y52ptZVFpM09Kw6j3oiS34r4=","/IMIiCTBjdqdxeRXlk79nwwmtsVYOvN20VxyJRqmLMw=","6BZ5b3UyRupVMcJrKc6hOV/+3Q5Njus6p+ss6tWsuTY=","NHmLjBJGNPZh5EB7ZTfklztJXpHugRYNRv2h6KyDdHg=","xO6G3J+Jbv5IvvbCNwrZ8EYyAC6D1+r23NlVOsKG1EM=","4yX3rFgbll+C0Fssv4vw/D2m58dbM+sho6xfXr+jBow=","JJ9uPkMHYGqcJBL/RfQUtTMa2BLYrhQ235XKYPUtdDo=","wHkSCFpB6/3W/jS7IBunbDriDrx0mPxCMgnwV1hFhn4=","KWqQY+BAVZZUuZgTq2kPthpyC01vjldc7v4nI+Cx4CI=","HJr/KiahkDYQsUNEjCVgho5oaVShgMVaj3AH4E7W56c=","p9bAfp8AOroCk85UV6CDq9syuirda4MAf8SJcPG6WmI=","TvkMXbsLh4g7OeeaKquLStNDbTw7nrRJWwSRDlk00Xg=","GnCjXkOWCHK9d/ivj1/L1MpU/D3c7/uIMKmsMp3dMcM=","HZ0vtxjOM7wy9py2WQZfG1DIITildxQIy9C+ZqI2vBs=","Np3P354DcBRDtxoYJZJ5JcDO4u8rEAYbkC+pA1hbBI4=","7VKcZ6pVnwmfsEmuoKmDcTdHJcUzdFWfPmfX72cww/4=","ZJh1ivwnoAZ396Byf/gUnP0y2IlOZFl0eIYaTQprzS4=","73nrhTWK1vQ2KvuuPHwYrzSerf2ywuYRJ4k5FFXAO4U=","gU8+1aZ6OCYPkUbFCKWy0Y1CpXm4zoiheiFP/Su7W+s=","3ip0xipaAH4sI05+krkKjuWNeh15mSkh164QB1REcoA=","83Mi6sdbEeXkEelx1F3299HW9xK8gGpq18+JT0OMWSw=","V/MkptvCV01KLYa1STR5ZDBcoFtmFEVnvvPdgil07jY=","6PDQOtVYw6p+yo5yXeVJbplsvdqev0GpOV5ttZpT7pI=","izluxYuziAmSXOHYtk+gmTFHiYdjz6h6lYt5lMOmq3M=","+MEbcmCUlyI4YDx4v6qgXWXyKJM1ggH6S8TcxEkWaC8=","CN3uAmM6k2I7ZouNqofbRSxcmppxSWwyOvigRcW1E7w=","lNkLlpZz8Vcbsp3TeU9sr6pKOhdW+qWsiSs0kGxkAo4=","iU8MNWNxfF83Srtya7rTTZh8yPMu25LBWEIoaXbsj0s=","2QaSecV563GmJf0yYcTrqSpxZlYvFxkhckaHuuv3nLo=","/b7J07FlJiFP6AwXkRtUYc7Fy1T50AjNW0ETO+SQJx8=","9wU2C+f2A4jPWuw054dVwTHQ3JLwQ3RGv4F0uLx1dRc=","ih1VPSipcgSWpvsAkoTT+S677vl424vlyibIoAkN6jI=","j2FphyPrz0IqSAcRw3tmIg63aaT3Pjwio3luBejY+jY=","AK2lSpHyAxHWoqoFKcc9AYkpfjz3kZaLlGpMd/Oqxmk=","57XXvwdh0/30EWoBD8RmjC3abanc/cjeWUi699ej558=","ZpbNyXG4koWTcbonz6HVClolzwdV5nH12nguME7FvgY=","fLW3TskXwJaQIUJYv+JQdY7VQKBmm2hsJG/9QD3ZNwY=","6DRtrSMj+WnPpn4/aibwjQcg3vTNzQQkmNcSPSYXGBw=","k9XunM7U344F8Bq44hzCkQfngw46lQO3hvDDTVEPIQg=","VRaWJrAL7666W5eAzDzcgTIS+pdRtZc08ndpzOIMhNQ=","lTRCWocxPDVDf8LBzh/n1dIJBXZHrbi6LndZE8/+yjg="],"block_size":4096,"path":"fonts/OpenSans-LightItalic.ttf"},{"block_hashes":["8RghMc1hL3yNzxLyIntKyvr7adK2jGnTfZpguSlam50=","MVAPp+uQnTcfO72fmXGMX1HzvST5PP83ZotuOR2jvF8=","yBJ9/m+hrwbbYJhNCd233oRP8uPP+3NDlMkwqdjn7Rw=","opUJTD14uufG1N2e9ghz+h2Xz9sb67Ggg3Yz9zi9tMs=","xC/F4YhBb084pvFjyr7NKt4ltyWN2cYDgOr7qKHwb/s=","+q2q32sDxFvNR9KPi1u7CpqreV4q8HRjvufLaw6Y/G0=","POALk/SannpT98G8JkHGogLP9hzMhMfPagOY232t3Yk=","viZEye4tukzu6wIsUcMDe52uqYH11xX+5gtRh4gTC3c=","vZ9TWipinUwoCX2g8Cc8N/UikBYWldPj8ThAfey2RAE=","KsAmyCPXZoS5NmAw0fJ71bQcSGsaHb4rlwl3RsG+zGo=","VXvULpa0bvQ6QN/a77ZxBARSlYrbH7VVMG5uHTbRDiM=","t13tpTfza2ppIABCuRRbjN/nkKk9NcwKPVkvmTKGRq8=","0uBgCJH42/VNhnrp/9KY189KfE+kDXt4AJNlZVfzL7I=","50jXHpgc/R5phuDea7F0wvFpQGoH6sQUU4M2phRUoiw=","/eWOkBEDtVwcvhT2IXnvjPlHuyiFg4gwHLpC/Bc4XwU=","XXiZuJJVcfLNu3/bqoVszKLcv5I6+6H7oj69fbyQ1GQ=","guv++a9sZbpdeZCWZnK+hnVs8i4kUx6UXPiLbcSVjrk=","8XchBOiQtbtnBFCTWDE+Tvj3buiN5CwcobuTB3rnIQ4=","SWX4WhIQswv2ZzQG3brTaV2rSPfgV4a4x4H4GdeyClY=","liZmMF5w3+DMgY3jS3EdJZ3ihEF2lRa7AWncdsAK8sY=","TluYrysi2N5m0ot2fta9TLI9TR0PBcjkdq6P2/JWtCU=","lS+J8IWUbYxLdYVRxeePoCaPzGpZVm+jn18d+xa+0Sw=","YYgipfLO5FFkBDPMJVicNW93xG4HqN6jO3XFdV3DfNE=","/cuPWN6ASJPj7u7vYq+kOQDDrqYuWqRxnfzf50Kf8lQ=","wsxMPn1FY2tux1wH24/QzPgKlBRMi0BhH0Ro7RP9jxM=","VGEUe3PvNjimggpoTc3Wfg0wGpBDBircL+ODMksBTUA=","b4gmz7K/mFji+LY10P8reVpLMcTqnXAnxZV2PDszUk4=","UJcJqbtqeQQvO9RzbS6+GEa6225D5XRPP3eNAyNhLBg=","5ZE63UE77H/YOeCQ1oXwAF5E6Niim5uAM/rNsS6Dl6U=","whlcX5IJMMR8EnQ6NhKd9PS7gxU0Toa3Kxh1MZYrwRs=","ruQS4EHbG3i/UuEVnQOT7xYegk7iyVlzvgGOhfnrbi0=","6NMV7zZEiDPrDKRLbvXfKB/mhbrqAjW2sRfLWT5OCh8=","gGeWYRWdp1ZZnintvlp4iC9Mr+y75oEZu/spJu9+Mg4=","LWdU2uV8bqAR3F5QETbhV0z00bF9si/R33t8T1PdpTw=","CBwEidxSsndCo7xkEhfPxrfsH2nCGa/xzA6AjoWEReg=","IaJIX6VxfURLZxiFBzYsUd84VTEq7h0eqPdDlLf5FsM=","F6hYJ4tXDH66K91dzLE0/TkfEEDtb9ECOltWXVztIxE=","3edezmNWEvGm8TfpnAG+GCMnJ+QQN2p4VaHNGxOqRic=","bdOJMTP8WaH8D8FS57pvc2/a4VG8YfI7H7euEamjZPk=","SZe7GXERYWKR9pf9VVKcc1pDuh7J/SOcXiB3Vwe1VPk=","31guLpWWAwM45ZQUW/PPsw28nWhkVXGpkyFEftz/07U=","h2JIrR5eeGKJcf3JqEv9XDOQ5pBjZG0xs9lp4l0i6n4=","wzaSqcRKF587cXiOJ/xN6CFSuMoT2j6/tVZBS0v8wKQ=","XuoIoQRfpzxCIHrVXOPkdmuSIwY3ZR2GI+yt6UodmS4=","7UtdbDUstq25C3Um95gPkIhVkGcCJhb+3RmOSUSZcWI=","uMI1w4RVd5ytfwzUqt7tXcGPXZgHhMwrWUAAi/8gI0Q=","yNihDeHc5o8ai7cc8DHJzKdFOR5t+P5UI49C8LiiDHI=","f68xb3hYkUEvD65GGFUq/uS6MQKyFcvtDT73WmLwY1M=","iX/2iwLcEZJC7TICz5pscXUFZxzNz7EWHJkl9pr5Ygw=","JEKK5lNSuakHcpeanlr6t4ZUDS3pHLosHkF4mwYqwkE=","EBaGaIgXHdvvHTi908EysQXUR0omiRP6fzsIWqaLyJE=","wuua9N6NRWYvRr0xZilZtMf/odmnJn0a7CCSX08oXUA=","9YGnYJqN131EGMSUsh17ffZQHOlJIUTsMrgX2kJ/I18=","5f6vTA+nN//79xQd7OiGyGV0dK64Zl8MxLUjwV2sBU4="],"block_size":4096,"path":"fonts/OpenSans-Regular.ttf"},{"block_hashes":["KudL4CMyQ3jIRGQpTcLvcWkHwnLIAgNYZMZkyJgJyYw=","RsWK4GGDZLcnonxI7xGwITShdFdUjcEX80/6E38Viww=","VWnGRnt5xYtg7PHyO4C1Uw5l4HGHcrCb9Fn/HRSccEE=","+EaJgvXuag2td0xkRtrpWQlG21LoUCllHICyTulcrdg=","C18bmOGd0j1T6eQzcKwFGGa2zuwunCr272SGgC+NUg8=","SRbZQXEv3T86GXhfiwJpwUv8ifPsqqFDdKianwufIGI=","dWUD6jRUcQvE2hUmLfJJgDz253FUTDOxoSYQXdNDncA=","SmNYlPPOHdYBRaIb8fBeXUgkn+iG5oamNe2yO9oOwCM=","wYS0GkR8v58NMrp/gRI0qTzu54udzBJkUGTl/LhAO/o=","W+zAOkbWZ1n4JkRvGLCIYvTheG4ZeyxIcV38rmrMF+E=","El02uujX94e0C93YrAo/Qh6q9VpkdIudYAB94LGQhso=","3UiKDXgzGWAvU4E4XJ2hQpX+MZ9cifLkMkSJhwnaFig=","JTHfyun8qfMgs/DLPgiih1+/39o+Q/icTd6Ap5gJJr0=","utBQspwnC/jLMyzahEOksQQHzQv6eU/2+IeK/VmdeV0=","D/1vFgnh7Nex2XRBHZ3HhK8ET27VnINaGSeA18aIhiY=","Gj8lE3V7dndTvQ0/MVLcRh1xbejd+EuRsY5fVJDKucE=","FYs60mTMOPCDX53s68uvXLSHUVXF8l9YeGHcd+qZJb0=","5/XpjDVHbqKWi58tYmbYdqR/rCQ9RrPtba9Gd3AcT+w=","angAa0v9ROumb46thb/6m1MY/RGJJljE3KPL5d0OALA=","cbo3Zbupfl4YX/KvGm5fKK4jRDY1C9Ip2tTdo/Wdv3w=","icAi4DVJGnZKVTIY0bcL26/RRGGnobDVuyNBbMKx8TQ=","1HFRUxHthbZZ4VI9pRwwG00CNCJf6zv3sGJZgBnG5Pc=","VcDJH7OHV7aF5988wiM4BeXItXHnaQAiwkjwTZ87oyQ=","5Xpqt1T2HCUQ2w0zSF+/1uoePZu+J+8PwGhm7FgSh+A=","V6E2RV4hRFGtax/5rY4uM3CNHfpUN1E3T0nvDFxzZf0=","ZTgzUGPnC3uYtvAtNyhj3e6FO07gQNKgswzO7B/4A5o=","Gk24L7mAVs+qxXyDtiEt7HX3iyJ7kRFz39itm9mGljw=","pqpbmmlGrRFiep5qBMztyf7sZeK/uP+57H4+F4y5gc0=","NLesVaNb9aeVATslCBBUQeI1aLEtKJNeX+Atm5OlCm8=","f334C6BudQIEV8o/5Yhd258030+5LJY83npaCf7Qi1s=","gbW7pjzORbE4079bYCJ6/oK0j9spNlOI+qF4PHJ9KmQ=","2Jo/jDom7FHzHfQ4jQBYk7ePShyr+G+0wuhYsjxQQfw=","4PhjCd4fwMZbyeA6zHdSqGjbTSMtk07dGHrs4JgkoiM=","uOrchencaNqnW3DotIdVZ6/pQvNKH93J5EegIdp40bE=","qXZhwOavfJ3pWjaAvtwA2fgnEkyKetPanLnPOTo/NYY=","faNIGLekve49KyXenyMxOhE9j1Xm9aAsxz1kOaQjI9k=","I6whQeAjnJWcuinbiuMU7YHab6oDf3kv9zDCukkssAE=","z9ayfEP3jtbx3+knK4/a8daz6bi4YVGXGJ12zR5nzZc=","NN1o3YWTP++kvrB0ZWO4SDkkpNndjhEbjIOGyd7GsSM=","VW6XORrLp/ywcp4QicOOVcpHPgiaQCh7DoQWU+vZvT8=","nNKZ2WsYzG1e+14pMnGMW6NRJZWFMYu31W0D2+QlAq8=","y0Hj99Pq18XL4V1BPECVqgRG9LJuclMkzB69NHjqmUc=","6OQ0bUs8bVX+yWQaeRn7JjWv0DnBAkXVogKMgFI/CfE=","TzYNaDPmQYU3nmKewdM0GLCfB6iR35kBluNU7zZrDB8=","WkMBEH0tnD2py9CWRDbTcblbeCTkoDO2EHWWGh/QJww=","unJdc0V0EF7SRZsL5WaznHXmErlyCtylgxIy4wow/p8=","rB9XiRoWJVkr+ICbPbajAuti7VHLp0nzLxKZOgpF8vM=","/4KSgsPmvjtnkONZ0f+a1w1u1MPwbbsEWZgWvFIo2EU=","GNKfN6vcxUTJlapZiT882d66hIoz7s5NCWLbP2Ic/Kg=","38vqIwVoVrlT1YNeTBrrB//qq/22JWfM30xcIPKqh3E=","6BBxkYb3cOl+QlHiRP0N8VNHUxIJ5QhZj+YxybToIaI=","zmONoWJmVqzCjvjYIzN1y7PRwlFSMwGdzKOOlYmA9bM=","JnW7UgmEbQnDadnb7Vurb+MMoVS/TTJiyfaXlgp399s=","2S0r9aTmPSQSl2A+RyRgmRyfq/5mMjdCBx6eqmhR7Pk=","KGcedSH9JKWBW/QHu+Ngj6uSZIjr0Meb/4hfA1n/4Ps="],"block_size":4096,"path":"fonts/OpenSans-Semibold.ttf"},{"block_hashes":["x7s3wgqrJgHUinyKVs4TJnJI2BYzgcYeXi00uQ4P+2s=","lhZzsUJYECWnkz4bQ7I6PiK/l+BmyIOkLfflOCDigBo=","gLj1TEQV8+XrBGFkbc9515qPO/lf5IKL9TQRYapYrLM=","FiPVdFjgwgdyDrBJXaq4YXSDma8cxH+NCsYqqY3w6yc=","vEN5lC+w8YXIfzMVHA7x5CuB62ShdIqG3BufDnVTjSM=","4H3xMArQ2aaFBDDIPKaVpnN0ld+ojKfvpZfcAZbQLyo=","wxSJmh/DY0MDX/PJpWnvxjjnZCaL6oj+MLuD2xx8ksc=","0oeL9LGv7ab6TTtsQlycedZIzvbWt3uz9BoDUr4YvOg=","zEl64/NQOOBxyNQPtrDM+CK1to7OWa55p3mp6DM+UKg=","ScPstYk9/c85tqankFf4nbThHnzDBVS/lKnp1xVBAzM=","jaZZmIq3NC6HMbyPnoHcdRxHYWUeZJMIjPdUvH576gs=","TQAuHcA7CoWdfFuVIZLmeZhq0y7ZGXi52NPPhy9i/Jg=","XhH8ndKWxYjJCVYkjnwilKCNf7UYVzTfvmZcWnohaco=","VeaMCXG1USGP8QfFpSrLYIocsEEKfEA02iVrblqLUYY=","gZHB4zHHaEbpm9iAgLDuqwqy0OZ4qklFwPmjxA6C3Tg=","LPcnES8u5d+xVM8+d25iBl6KO1cET3fAuyB+laDTN6I=","TzaPQUvRsOnSyWRpB7XpdpaZELDq2wY9yoEpPgYTyEQ=","1+V1lJYUpeOKeFJLa4RPVDWvJb/sOUMOQV/IHgVz2W8=","ILXxTwlBcypzJmPa8PE5QiM3Ne6UsssgiAJQ4XWb8Ko=","dx5RC93zN/TcJ1gjSRwWV6g+S/fp5A8L4j+WP7ME+2c=","cCAxWTB63F6h6/fS6dQ7lqlrBPKIw8xolfGhRxTDu/M=","4YYbcn2gUosHMIeWJPjOeBOkJ8ZhS37bHpCg8bbkX04=","1zGW7k88thRNme1gsZvwBTCBVbYKoaSmmRrcCUZT19I=","X8+Qq7P6ztFW2ftN1i/B+kjP5xtLY+zajHd7FRjc5IA=","QKhrmYEV2rpVzoeZGSBzHoocTQ9CW1NBCVu3EhVI+78=","jCyJylCDz4T8D6/iSGs79IwaT/cZf6Zddp1DLwbdqYo=","VU0oCJx/w0AY1P9JvNnIbaAcgaGnhkyq4chC1lu+MKA=","CxlRLbg/OMcqxCVxSpxV0MlG0egk6m90fOZGsPq/5EM=","zH1crJV/sZwrQnj7zcos01dWLNgvC+LE7TFfOPTgGE8=","jqcELHgZjohoJOnnr1loVuw/EPDNDlp85wSOt+l2s+4=","KacFUFza1Q6+/M2gqHwiJqBFTmGoHbBpBASnJ6K8ICA=","M4/HQzIzGMcg2SpMUoHMh+cva70bYZEjgjto+PMjAHc=","Q7BjDvzdsjGyeonIY1y1+F1t5t620DfMy1J2w2xc4js=","jyGbOvoFS6bPw6weXiTwjXWp4FosLozOPlJ8OAwUA7E=","IEEf0QnbhkYEkAzmvhGkjrCxhS1gEYwCOukPqjBTdj0=","qB1b3lo6bWne8l+2bJoc4+n/XRjBa2kO7AMgGtZjfLY=","KEDOMtVRoOtnSzeYVJdlQi5l+TnMhk0A2onM2NJmPcI=","V6ZlIRDDjKv2ACxASmC0yp+vxguY+27l+Js/hHh6rBM=","F8JLzlrvIsVWhbBWk+mvK9GjrMwj+rLpwrn/9uDjSBo=","8A66ZIwd522QZQhsze+IcfhTUeyHmEaIa/DJtrS7cyo=","duEzHpn615aTG3YIw4siLR7JGKyP58n9pl7EdrJIojw=","FjUNw1iM8uT7SR6xeE+sJMr4VOO/XaciYHaan+BRm2U=","2RZJ8PjeqyRcGyJywTx25p+Q2Myyaw5NYBLkhQibBwc=","+xNjTjhAzTKGiuDc2Bj4PyC4VqEkW8hWsurpW8zb1nM=","opl0EK9RXGxqsSUctWON9rbPx5WN0RckkgXG1K0fKDA=","pRlscqsKHokhlxtyoEEDfABXpezcXE29RLhWF6ZrkjY=","Ah5ZI2t6u4W7qv7OJg6SRYSz4dn03clD3YjrLOSP5OA=","8gFPyopvTZxOmQSwd8YMZV8WOrCPwG+m8HIj20GBwp4=","TfuU8TjZJbO2QbHWvQwSgqdpOjwhWITB+FE/5bIrNY4=","40nEjt/S3U4cYfbbUFQ+UGL5m8d5DPLo2aZJMGTgFWQ=","0wF2auEMKuK50CiyZQTOi4Bp6/J91Ewt530jUijCpBo=","nQVNmzfxVKYSVFD1W4sKZJCl+ZP2xqgs3Jh+3QunZVI="],"block_size":4096,"path":"fonts/OpenSans-SemiboldItalic.ttf"},{"block_hashes":["wXdDCtnYhgb8rV5azrQjS6Aj8EmDoHee4+7O3KjUGfY="],"block_size":4096,"path":"images/browserRecIcon.png"},{"block_hashes":["rp+CDk3DN8gY0OfZayoIHftHh0DUZTZ8wFZcncpqDT8="],"block_size":4096,"path":"images/early-access-icon-small.png"},{"block_hashes":["D1bmDIIVTULz03682mrQLmM5g2yGQG63pgIaR2WdDEw=","yoOT5LQBDBmLPGHP/ZOcY7Bk85WUfsCChTE4EOW2RGs=","w9Ttj2lSuJAs+/GY7xFSdAxrJDtr8qELnbIaN37NKXs=","6aRGX4waLowxEfAA90tqnvlKmdZyFvvudV5a0GmwHxc=","FGmgolb1ZTNY+XbBccvtHL7iODUaSHWL+RRTCXv0S3M=","25Oy2ql4TxTiejofAlIUSV4o5D115vAH+bArfFPcmMs=","3AntKzr8y3dq7BN0KSpRPqZ+NS25HE6IC6H2w3lPo1U=","8XyJbo1Uz73WhtCColMl9xdfg5OpXI52M97LLBrQiVE=","6hIl9qPZRjByQnhHdtFHiMMvVJUX3WzW7TRn6SN83Ik=","6627XeoAkRTxEtOb5DIcvKYysXo4qwnYa9/E9cC61Ow=","buIDm2IYE7H0Q0ZPoqR3Hzrkq+6/SoNR9ZYub9u1pYg=","mYlbpFsZvwWTNH5p57FWBBnC7WDx88CBFMMaAwgEci4=","ts+I2xKXWb8vnWSNjQB3Zu3hV3IDY7mqjaSBCZ4z1mY=","l0gkhiTiH3hyOrdix9ivZjHV0M8JElyiGr5B/bseGFU=","xehx9CgFa7dKlAnl1mu+cnr0eBuMv7hzy7zf7jyQFv8=","TiEf7yCxkRx+qWvB86+qOduQRIj5rZHKn03bgvJ4Aio=","rNodEKtPO+4/Rim+mENCVTHSNTuCf+Oy8nT6pBFCHAI=","KZq2SV705UIc41hipDW2gxLBip7Cak3rFPgXKqiRu4I=","0JZvy47L7R/R2xYSUBeFjdEhJzbHtoxlK0vGfLmiVeI=","DGG8F9xy63UJFuaFJUjNjsWLffo/8tFPu510ydDMY1w=","PMn/QMgVJRZhvyi1JCxPjc8c3E1rX4nr9Gk+aViySP8=","CJq8Zw8WQFtGQDTXGXX9imaFKRqd7tvcWysMMrolog8=","woFtlzey6mej8mbX4wAJHSICpiSqdVxVuUddWyu0pxw=","8m6c1H0QkBccF9P+Z1Inpk+hMIAuVFZlOlX1yaNJd28=","QY6WlLhUVmtU9vlRAXdMB4QStnNAqQ7ZA2nomLfBm9U=","4YyVYjBkSPY9FREMF7Hg9OtxXuojDk1XCcv1eTammDk=","pm06k4xe8GeXLMca8fF3EsMt+xttYBsw6DmRJbgZAzs=","/meMJjD54+aiyQqVOw/TOeqZiY9L1YUOUlDjy5bnu/M="],"block_size":4096,"path":"images/early-access-ticket-large.png"},{"block_hashes":["8KCFKi/QdHq8cQpOUyIsrgbkOwA7spLCn5NYvOlhAS0=","AeXz9ohylGbBncYzEVfxa5WMkZYlcH3B6qHX+/GwFOg=","P/xAF7aUmwijFdtUMt8apxSLxKLwo7+zj/LnpP195Cc="],"block_size":4096,"path":"images/spinnerLarge.gif"},{"block_hashes":["GTzUJ30WWORef3NaM08JwS2oFU9+4dMpSym2vt+ckO0="],"block_size":4096,"path":"images/tealium-footer-logo.png"},{"block_hashes":["GQ3izUeJ2mm23PP6H5uuOikHVVdQHPATsfddqpKb6/0="],"block_size":4096,"path":"images/tt_audiencestream_trace.png"},{"block_hashes":["IBUOetunPTtaQ6CtyOoeu8g9AE75rjGPpLChqgZjIpg="],"block_size":4096,"path":"images/tt_environment_switcher.png"},{"block_hashes":["WeXLjmhRNIpRCVXBA6TP8LX7+d5pFZsyZ0a33CgfwUc="],"block_size":4096,"path":"images/tt_learning_community.png"},{"block_hashes":["E2mck5nD03dwkQ7v4ohFwcZkxDrIGLI2cYAX7Vn1tSg="],"block_size":4096,"path":"images/tt_optimizely.png"},{"block_hashes":["mdXr5DShfspnahCJkct8WscmI5ogtJ5iBHNIHZaIK8M=","g2SIIQqYq/MnL2aGNeACAzd0OY0uP1WPw4G+HY/seD8="],"block_size":4096,"path":"images/tt_scan_companion.png"},{"block_hashes":["SPu5Y3odkIhOhPQ0LFtLPUVBZwGB8glN1EJybxG0Bng="],"block_size":4096,"path":"images/tt_tealium_iq.png"},{"block_hashes":["roP7iNZyz+UEy9H6G7dzdeGl/byrEgGt8/XlHUe/YPQ="],"block_size":4096,"path":"images/tt_verify.png"},{"block_hashes":["i6gEWrLMLY71Q9+Av0Xnp3aDpMBEJywEgBvaPbRLJyU="],"block_size":4096,"path":"images/tt_web_companion.png"},{"block_hashes":["KtcCOCGNs3CuA32188HCnG4SQltmQTfwRKoqMnNc2DU=","zt1NoH8U70ymqfWJKUFzQE0SgqjQr/52qZEC6UWc4LM=","jqNG0qGaBNsjGghGpi6aGz0d4+/f7w6JeGmDsoFR/X8=","hFCkkUQuwSfpQFH/vGlmol7X6DZvo6neuwNgz58g+Mk=","7+aiE4IEMOcEFESWQbphJytiBrc6zATe5O+fBHvzCKo=","lmmS7O5lLnE8F6M4x/64P0acBmX1LEDcNHue+z+Pm9g=","fDDJUFBZ+dSuWpvTGjQdmZYkufGRM4b///asT/oiuGc=","k6Q4FtaRN4Ctfk7IPmZA7x+Qx9qheEoAJWfTq7tcpqU=","PDJC9rB/LXO6GgXXu/Nw2CmIxg35Pp1/+EjTJNLwhi0=","rg9x9IDkmbDani8r6Tzycxwq3QD/thXEdfI9J1E2ir0=","H703dWC9QBxvGwWI08ERhXclQ94c6/0LnN+MUMVHzY4=","9z7a1fLIzqls4nYosJKERR9IIZSU6Y24q/Cs92F/cNI=","Q2HrG9sUntFsuFY3QqSZ88IqxxxQhrHhjPvxB08ce6Q=","UnweOyd09KVmB8jUA4570TE1WXxjmjjMZhkeMmFgKGI=","R8nd/e2p+bT+iDsJVN0sYOHqRV2Ffo06g9LweWwDmw4=","bc156oNyV+XkO2TAlMPd+ujNIqUmTPGFnlZnY2X7LLI=","c0ETBTAHdWPt7aAZYjtKXigTDJIg4EHcKm98vgJ+XpM=","KTQccUgaQ3Dq6j2vb48cZNq/g68S8Igc+oOqplexJhM=","rfVk58/t7evks5jgR6Xt45h3hUVZI71qimJnG7guUso=","mVCDDvk/G17C8m9X04sEY/oktm1454JlZN5euRklJYo=","G8ZmJtndAqpRy3ChIarCvuS1tugXuethiWBSqJxnpR8=","ek7raXwwywcdrA+V/F6eak75Fb3lwVIk/Wj+eV5/gJ8=","W6ejrNcsnWtu98iooDR13KkpjeJg0ASVgg32HGV6Hbg=","Qeku/3TbjwnEvvrIF6NnvFTYfm0nMNRjz2E9HPxbq0E=","90YuSME3B8rDfvmt9fS9sNJn2YbNaMDPUffcEVHCvLc=","VsADi3icLWK5YJB3zfsgblBcdH0wvp3VlPor4rJ391M=","+uGuFpo9mxCnwySO+lRIGlF36P+XHAlVwR58echPKyM=","u9Hr7h+FhjzbW7Pc1SLMZkeT6lxLQfSUL6kJ8yEQibE=","VGsuKfxgKFxPIV0+grdE0kU7Rup2WIXsy82QWkjKZFU=","fyiRHoZxY1ZF+6YCGMm0cGpxSgtsigjJbVZaSSF/IMk=","qwCxrYeP2G/9fDvGvVXxPd69yviIjjf4kpX8Nn0MplI=","7/vy8ePF/glnQ4vC5WyHq9NU5PZCxcETfE4ql15nj3Y=","L7aZhGGGJvG7wjLuVvw4qAkNwNQUEc13sId8IkFiZtY=","71fd8TNYAs4zqznf6gijTDijRHMqSg6MGfFrQgQxwU0=","wKhrVRpUZXugzQ4jZpCU0ZtpZW+As+IxY3VQPH7AZqU=","HBprQwKRlG3FYKIifaQk8Rkp8tLqhOWoyaVr92IqkcI=","cQxkrfFTRXh2xBU0ULf8S4GOaQ82I41SdC+GgjF31x0=","GjD7NRa2ZvtkFmb0UBYaNWcVlRvmrdC27w0n5Hnz67k=","Rm5uc9R8c3aM0oxNqTzuzJrJGoy5VNC1hBhFhDWXQgI=","VbJ++ckWjaTmZkTRLs+5A23X3C6KAe8rmYmLeCYJVFM=","kM1uUUg3Fu95AUrrkVakazIFkim6UmyqJVdjGYbGlBk=","zS2KyzYmI1iNjscWdKJNkL97J5TtQewLKDw4K7+OPVs=","y3SqX9F/2ZocX0r3t/i9xAiBRRt0C4b1/QTR2CO/iDY=","4IAwb/hDOm9DI279CJ6SzDRvYTo0FYf+RFv85D1GwfI=","xANjEEjQp0s0WsjGA2c9K6zF9ss+hX5+uleZ3rQrIu4=","V1KhiOpTOiuoYUjPCn6B1lFOU9vf32gY7C4vGPg1O94=","AAjGm86T+TH3NuqN0pg+N2xH5XdDeOi2KZkKobh8BlU=","rgBc/PeWW9dQ0IuOxqOWmJyRDIkkv3hi0yEirj1Bbtc=","mWu6KaIvlVe2nzgkGahjcIfhYms8nFzz2qJkWJitbT4=","N3d/CFyeJqfWH4XmV+r45Wz9GYpfK60WemMoCnliGrk=","nP+JR8q0rtPuHotz1hycA6wABd4LzPthxTYVfY7vpxQ=","5vflT1KUCH3VlpoB1E6hvrsAnt8rumaKGcWQQwVJcS4=","zSAYuDIt27aPhFRHkpDFs+4+SKTKkxnB/hYpX3ew4bQ=","fI0NOopfNZ44OCu/xZZOz4eu/ICV4x5N/rdB1SK38bw=","5AvA85cIeLUnWtJZOWBTSbWOJeG1PjjuoMLQmNAotqw=","wmeGpkTuEfiEwVGOVTYGAFgJKTg/LwvHqZL7IpyazcE=","aiMTpW3Yb09xUHIIONwjnoyJZGYBUxKVHoHFEMMAkGk=","uW5EqELn5zKbo0m0uyGm3psc6jO+2xl+dpn4hvMw66s=","tTMbkR0xZfzB1njPcJ/NE3r0MlJIGmfxVoSp8jP8U6E=","uq6HCf3rFpDH8QkQwgTf5NZy8LoULjGvaxkc0Uroo8o=","Y2yv8yNW3ORtkkPX7BXBY7AYzYXtn/Ud/C058HLsdIo=","9K1WiAgWi9ZW3Zw+0wPsxaq+gw+PXpDuHWuAueRSHWw=","VpOy0xXu213szUFiRPg+gnp0DtUe0KJvGNIgovzJ4OU=","TOhkTmmILvMSZXLgLopaOagwrMzYBfokP1a7ajgGA5U=","l9NsDuEr+wNsW2A9uZl1qBz3PpBtCbdyMe48mGbkWNI=","JbfqO2Ww0I3DWqo/0Fu8ld8tAnAyEGeqLiAUq7x1llM=","SW10HXIHFR7M/dcyHHfwAbSsID9JgifcWrWPn0tTSZc=","vNckQeoPbSSTgunHiALABd1/Lw/3Pu/5TxpYzBkX7uQ=","s8zXZKhF182Fm9hNFfxoMWDr+NLsKfUMBtVooyqX6JY=","JnYG08n1CM6+5pOMJQzk0akNCA7dMcq1yUftnrSoIS0=","zBmRTIrTGFW95D2onjj5S1Si+Bv2GdFl5pFUrWiLYtM=","t1Q4phAFj3F/nehdlXomrXZYK8w8Fk06rwkm7vKXeAY=","8JGuEMEfFDI7eiRWHoofYKzr1GEf3HZ1a+fUiyyERGM=","wwY8JmBumyVgkfps2NB3OhzM0cV5tsRVPGTqlG9YOQA=","LT4OJbNvMSidXUfq9T0UT5V3+TbbN09sqmSSWHJpQ58=","feXn0+0bnLwiaM4zzueNugB24bYmCXuWf1C2j0zOovU=","bWf7K0jUq3NQb7mzXL0aHhVssNdgYTlMrt6WFPvu4fE=","WijLM/5KDXoVIJT3lwzFczmiRZ1q4n1JsCoCFuo/iRk=","Am0aee1pHcgrYU9viqs1oVF3EH62VdGmJna6CNnUxJw=","D+PAGRYito2c+AhpVsUHvDzibD0KLTH87+30Q0Yb/Pc=","x35jGEiZCJK/BdasRPY56V9XPIsgafNcpto/pjsfV/E=","wpW0qVTVAwVxUYOz+tmCoGlFkfltBBGFFTPtN0Ba90k=","ptr9ipFHsfhDXCFW6lseT8ZZCLUfChsI6qSSuWWTMKk=","tNJsM7veper3hu4wZPVSalmrIWaaQaljUR1eRivEOvM=","Nt7cZcN3KfUDffU0KHsbfGckpTCjIdY13HRyjJOeq6Q=","490jK+C1migHQoMUWwJhgMFaNQLHuJ2NN1y+DLffA+U="],"block_size":4096,"path":"js/background/backgroundBundle.min.js"},{"block_hashes":["nlJ/ntpbS1yuxmJ9B93Dpfay3dI1/0FSVRCOjLdeWdA=","zt1NoH8U70ymqfWJKUFzQE0SgqjQr/52qZEC6UWc4LM=","jqNG0qGaBNsjGghGpi6aGz0d4+/f7w6JeGmDsoFR/X8=","hFCkkUQuwSfpQFH/vGlmol7X6DZvo6neuwNgz58g+Mk=","sqs8+9kchnlRuZB6Xy49OwW5vokmjKNTurkkGGDsthU=","cksL5aIqMSsApiR00b+dBzzsKmM9gBczV68EvU4AOmY=","4cZnMy2DNnBkpY2Z2DxstilSrZkfmKX1M2RxUcnem6g=","PYMpXKeChB77Y/69x4CkZgB1rI8LSzfQmuATlPNUWy8=","bmKpx9hoJBoqnim2ifmjApHXBy2NWcNvzR5Y/KI7080=","fj8M/fYfU/O/pnPgg0a55OoeVwTk9kwCGf9rnApMudw=","efeEco4B6VJ3lACfMXnSAsWV9cWJ/yTu9TSn5VyYwzA=","a5iWBl6LiPanVSZTcBtOnaHZPD4nDECQoNm3CYvwWj4=","6aOSLKCmZRpbMVHR1cepwftgAU+fhz12i9VBY5RKrSg=","AhKTINBVMiE5EIQu0OD7lkFDvO1i2hmpVEAZ8kTvphQ=","yyJ1uBzMQKUiEsm33IFsqNFDCU6v1IzMXX4aSJ2Guuo=","rCQXCkM27XOR4BrCXkywiv6lcYFmdz8dPzmQqOj/eUY=","N3qhdgwerpxq3BGwpUT4x1sKbPtHtlaWonEMEU5Ehv0=","AYzHQRxvDs7jwhlJKSJQV7F24ABeysFZZCRVBuou16Q=","5k6cDdIjP6dPkvihCbhDYNliPb7QJCMWZ9LXxOOyY60=","bK4GHMfGF+ZbJRoq07PAFGZoviYwG4J0JiQgpGWPQF0=","6hlMHadSBPAIf6dndNazYCt9i6o69mxxT87kk+LSQUc=","iWwC+eN7XeW7MMR2vNrOJMR5XUZTsFGUMrrbJH01W74=","vHnLLILQCyV2hL8lnGcZBc7JwQszoKiuTvh0dHlZfNA=","8lV8CSRA1joxzekww7WuEjWRyMEDWdPlv35Y2kirW3E=","Ealu0dlPu1+NEEAb5LwyXrSveDdYXQoJYi0KAK2gSqM=","Muvhe7y//E1At/df/nlguDXW/UpenmsmEK0GMbcqzvU=","BoFa4XH9nCfyvN25j+LZW1t/UmiKgUT5vdwvd8qT+Qk=","FTM6gT3wDdTJKILJ4agTy92IpuKWot4JHKVfKnfTVpE=","orZWU2j6291J2R1+WTRSQQ/ymH9Dg0Obpf3I5duSLmk=","cC1oKOVxW+Mgmy8uaAqz7tSmxQNVNLbnGW0BshQ1RlA=","vWqTJKkHkPJhICw7hu2ljCKdFwkav5s8CSdws473l1U=","XGyJC6bs6KlMqeaRWG3de22qOhPTtTROTmNdAd/S1Cs=","6o+g12hdFpC5RR3RueWNLpmlZJ5plBgpe1k5q/6MdSw=","hBha6Qq7gkLEFfVMG1Tm2cJ9jscd6ZGiSAf0K5LQ1iU=","TL219rGD+HufLhggJNbZ33lBbwTE/Wf6JF9JKe70NsU=","sz2w24MvveokaA5ITFGTx3hh/rhCTK6EW3TTfFewAgI=","DK+jNQs1hu6MaxQ9Q34FvYSE5ieUvETKJY+jIKl4WK0=","bMLhbw6VMJnc0jxvfA5kOM85pkIs+dFp5kz+r8Y/Qjw=","1CY8ChbuAs5Lbbg5twTLxdYCdYMUJQgZhr/MJSsEQEY=","jtM3l9J0D1I/DCMLYFem3XxLCr7yJNRso4zFI4aT6R8=","0DZloX5T4Mm8sRf7YzP7N84U/pBlj0sLorsrsi823Uc=","QhTjwSpHmveen+2eXYnWJwqBh2AFGcQD0iUKBlpNm8w=","zxrAlAToZOqiH4Dgexl5I9KuK1ry775uUdKqGFOzsFs=","ac8DDrO9JA7s44lyMoajYJZohEyR3Yp/PXeea8j6Ub4=","3fh+CxrIad4UdoDgwZjVAwyr3khNjeq4oUay4J+Y91Q=","qfec6P6Pvz8aYgK5TAC766H9MXePPoFxQ7pW/Lt0GJ8=","4yTeL8LZnErn+es0VSbQYIcMvQSKcJakOnfPbfVvcW8=","Di+uFZ4yZ6RYcV9GmibtLztWxxG9Pwtz6m07aPcuYGI=","Lm6ITABAadIxIM1ca0HNymEQUSuO2XlBOg6fxh5d+ww=","ZmB/3RlwTINZuUwgDwvATO42XMyN1BNphUSNegj0Mi0=","/2edRjnWJTn2vAHM1ZsWgin7HN4vj5KbFB613O9zSfM=","hkGfbOz5yUpOPyvkM0f8rJijwLwT7J0Tbqfz5u4xAP8=","iAD8aNjgYXm1XZV+d+d2hM7+BARQW1m4R60/mlhi+6c=","n+n7QF/pDDuREGbfSmg1YOk312k1aVHey3QmecenZco=","BLvVVBcaeyPn1SzH5r8VwEDV21qzlhcay5dBIQbdQdo=","ZZ8kMaOO5Ky+iFmhIOfiz4rTpVSyy0WbypihfsG+XPU=","ePNwSPx2MCMu2BBmpeTuTBoOnGL3NaodXlKGa4F0dA4=","Tyd2n/Tk1gkSCi+bbQd2cPp21ATi8EUMMxArJVhRV+Y=","6WmKeujlVglMrcpxiklpHoIxXOCtzTk8QmOfvxO5IGo=","q75Qg9HrfO/SefbKCsnd/WeLa+t2LY1nqNss4y5uuAI=","+reP2/nMay3WGmnKbFjchZXYiU5wsCcnVrq3Xo+cUgo=","lrQHnyGIKQUjRMdydxdDEjGK/RtqzEQ+4PbwaYixSpc=","QZPHkI9KU5gcLKzMUu6u9aBce+KBReoKaSnLfqKLIXM=","r2R2a2yxYvNzl4zr+hwhRJMqMLR6ScCQ13dfP5oQ8Es=","AdrD74fgI6yzO/PGCd6GVdqIFSzbTaU4DExFLyjkZ1I=","C5HbRBH6dzo0gi92A5EDTU5qBb9YNIk90qLV3ksX1zI=","XwJIFrdG3wYI5rS+m6L8H5Les9kbAVUeRshUw3FWcaY=","Mh+srUsOumON+cGiP+x9mOVAxhA3XrMTPctuBTemFig=","Sx5blzS1YlCegZwIsCuFG+oEfEL9Kd9qprXb2K1oF8E=","RtJrlLBGMWlkGwoQccC8Ko9PrUYeLG1XQOgzMCTW4ys=","nanCrfbwiCtTb0wpLqs8efPO9tWyAP8DRNtOkT6gkh0=","WtZNtHnBeXvcnGjitC/NvKXCAokG9xPanZDmF4mx7Yw=","9fHNakzVHqw4qZKh4qiTOb1ZLsvPVK+bumot3TkbNx8=","4OZdE7gD+izjduXYavVDNw/Dows3SrnH0FNFpSTEYY8=","s9UpSpikgzcGSnNkH3mRC2GMj3AY+tzICMMtREHhDfQ=","JOAzAAIkGCnwKikX/T9EQb7Z6yjQ2W8kIr4ARVaZQc8=","4vvTLtMPIwcp+RzmygXue/YNg2j2b6KdrJhU+rYlNCk=","lIeF5hDA3vGZp9X6gBXCoq4Ku2/r/Y2CMTTzgMCeHGQ=","rPxphp8SZQ0ZIQkYREbwhw8Vl48iRDx+ldwWbE5UyaQ=","uzDofI8xSQA/1oe9hQA+GHiy6bYG9noUMBubu7npt5Y=","jLNxtFdU3PPsCUT7G53qXNVRPz6aD7lH88aj/oUAIgY=","mb5qYngF2GSUSKk7ezXNujje6dexEpHztQ58V+VIQM0=","Et9z3rKMp5lOuPauPKzmK4y1Pi2WhqFDi9JyHZQsbV0=","y3ItMi7hg6CMyAl13kwpSIfS7J1TQmVPahbMUerzZGs=","1Pz0FgaL3OqCPYOoDz4/spoCiKQ6zBpN8792+VBN7yc=","BrJ61GzDZ02zmMzs2nG7tlrZah8TiZq9PvfKJmQ/JV8=","oRMie7ip/oGbWmMh09rzghEXkOESC7ucs0WC8C0gGKM=","PmevLeGgUPTW6feDLhfrP0ywyL7kXdUCg8Gc/CCZxxI=","lyhK9wHJRdd+hD4n97UFVzP8Tsr6Q5vydE6vQ+gp/Y8=","D5pC9AGkqZyYjsmcyKDYURONmt+Z2HaLP06jnx+8DV0=","ZPucCxrC3eky4HIljkRI1W5If1XehiLtHdPTH7oG3WA=","2GOBYYqWxdPpqCxTnbDbDVQWAbAzk11jeQJn4f3iF+U=","ZjuWddFNbAhJdR62BY/uUdoJWEgeVj1Hdx0wN3jAvcg=","tJcZCDHLw7cw3eMTKKSlCqeW/KiwR7FFdAwMUK0V3gY=","Vxi/j79y6fWB12c+M+0NHk+sMXoovORDJXToJxb5xiY=","Ep62ueyb1VRuyybNMH/tg9FGW/sWAoNEs4yyFb8qtXM=","E2tvMPlUyc7TQWe2Q+GluB7IjHp5vbjwvMvgoxzHT2c=","tbbvZBfmcrGsdlOFLUPQHyCA9we7RMcYe9TvOzhXYos=","FtuQQ1/RvybDYQRGkjfVHaEYfnozcc0VfWyeOwxfZiU=","7Z11gpBO46vrNX/0iQIgK9ehNjWmE7RJsDWiIKUXOwU=","ETadn+TRWeHjkWXK8dHSNv34e2hLYmubHrmjqvbKoRc=","Jk2zYDh2DpkNZ3NFqpe1eQjlhlnCcs+dJ+WaiOfD7cQ=","cfmG/T5tols4iPlBjiGAMs2pII6wnIQrHoJE+YJBqW4=","KGsMj1KFhNqjYfRKYG1c1jkiYCpLW7TCs/LzZi7xzLQ=","0/64zHAiGBbfyTwYQdtf8lEVy1wrYr6/8hcpj3RR0KU=","d3BuDUKc3bdylqE9lHTJ1Y9ItRM2H72S4uo3rCeJ5pk=","OBI5BAXBUTSFTjFqtd00zLz6SgxbchzoqrQoKQN6sJU=","9me9KBTG+2owVB5+/gWT8fRnVqLlT8k0aSBmoROH560=","6vpQwxi+rXUd6BqQ0X4KT6vMeBkxpcaw8Tl3NKgJgms=","d9q/zkPTGdbIQMTS8TpnSXpLl4FwV01C7gIjBr0VQRA=","74eqgN2cqbMqXVxJVHpOW78wyd4VsGycJmWrcqBHcYk=","itZkpKJU/2pjmJL3M+PfKZka3MuVEpbZv8/aeDZyNV4=","pGKE2iVlzEYPmUZqzm+76lAWveUGoe5PKuJp3w0bHlM=","ZdESG+5f7JiZdLYwX6a4Almz+lw5x0nkIpGtz6IlXY4=","xP8H80VKxEWijGgEBdQIA9fFXYSCpIAdLv9D+dZSzSw=","73xEojPVE3wHkiXnkZoqB0rTBbTSRjUpISa8wde35ds=","D3sw4I/EuQrOt4E3L5c/4jZOCOOa8CiL8b++DfQHc88=","0NPnPp3XAzW/HWRXakuOR/p28GPpHIcAA3Qh8SvBHsw="],"block_size":4096,"path":"js/content/contentBundle.min.js"},{"block_hashes":["mBAfCPq/ga1Arx4oB2et4KKlD5mxiB1WEbXOMOw5g+s="],"block_size":4096,"path":"js/inject/checkUtagEnv.min.js"},{"block_hashes":["KZDp3kTE8SsX/ar2FU+28jAtE8ye00puDAgJB+5+e/w="],"block_size":4096,"path":"js/inject/checkUtagVersion.min.js"},{"block_hashes":["MgOfGA5lWtODElXv8UD2EmK5GuPvPX+b7pvRTff6Eyw="],"block_size":4096,"path":"js/inject/grabSwitcherInfo.min.js"},{"block_hashes":["IVBY13z4SaHgoEdgqhu8hmWpZ2TZCqqj820rRXNFgxI="],"block_size":4096,"path":"js/inject/grabUdo.min.js"},{"block_hashes":["llr7UW6uf6XiH3FHRTySkWAq6MoKO27R+wIkP+0AvBs="],"block_size":4096,"path":"js/inject/grabUtid.min.js"},{"block_hashes":["FKa9oSt3pBhkHs5QQ40UM4KnTaKLJHw+Qg5DKPZi3kc="],"block_size":4096,"path":"js/inject/grabUtuiEmail.min.js"},{"block_hashes":["TCdRl+maqK5/711YATPrecl1QxNXtqL2XsF6GFnDaNc="],"block_size":4096,"path":"js/inject/launchWebCompanion.min.js"},{"block_hashes":["40c1TsfEzeeG4PMbJ+Yqhbu23YVySJINJM7aMUdm/qQ="],"block_size":4096,"path":"js/inject/traceKillVisitorSession.min.js"},{"block_hashes":["5D1mn6QONt9pnVuLFBWh0Q6Yn0YBEk/1fYbCfMdTv4o=","pWn+BPlWEh44QybQxXhMZhtlj6+J3FuwrS78Dw2r1u4=","/GKwBhT2YSNs3dqnp8PxvEjmPtgKIQWgQhtyaP2hXM4=","KkFm5LNgaM3hR0LsfMbwr/VPlbJlBZPxpjOA2mQQkeM=","vEnEzyvhLFP8VxhyLBHZKANQ9ZR3QTMTYLGcDf1SDC4="],"block_size":4096,"path":"js/lib/backbone.min.js"},{"block_hashes":["p7UjSi0aI+Q3RMdRSjEnQRXJnHdLnZwKyH3p2oEKXXk=","RlQJfyF13aZNjAlUCG9vcD5G5VRsRj9rXBvy/ynubOY=","76AHQEKwu68ODaqRDcqV4mZt6vEOase7InSsYv6HqbA=","d3+sJANgkdjOQGXuos9UxZn9shdDBTPVE5VQpg8d16U=","Z98nEbUneoXxuKz5UlbaMZYUisqQLtGeBxTQ73MNzdU=","HgdYx0k5DMLAcmMuyUeGuyDBD3cbh8N+JJAmx8Z40NU=","RLk/SJ5gMJy0BDeIlyJwKrGP1oPsHLsF4+sIjQJ72X0=","Wlb1tnwEB4ps3rYFrtWeQJD+cSoQc+e0xhR8bU5zevo="],"block_size":4096,"path":"js/lib/bootstrap.min.js"},{"block_hashes":["SsuDBhMyULDRFkl82MFoTPo8LXUVw7TkyeaXB62H4KA=","BlbsPWHZ4ZB5WmdMlHYbSu92WHcvapVurQ8Wl58bZfM=","HIr/B5kqjA/kOfEL/Rc53Qn1REYEJ4bX4DPHt3/WRbQ=","IqL3gpHK5DcUx1JEAm/oQkj9uwwtM7lM6D6ansjbe/s=","Kr1SBub4hUxfbuGbt8H6nqaFn7I45xrviXXJiyzBbLU=","FgDw86H8VYj2bPRMD+gLqfMCIwLgKtqPB+mVaBkqqR0=","jobaFiSBKUL8NwTamboo00mobcDMbuD7rLHShVs+eEk=","fE0rc0utDYLhKwPX6KTGulw0UAYDWZmqwnQdbkWpLEs="],"block_size":4096,"path":"js/lib/codemirror-css.js"},{"block_hashes":["s4layGtGxmRmfollrEAffM1RnaAe7K22Db+SR+L5+yo=","W3Mg/MN/ZahhZ6Pi8gPZjJDBr+WjRs2utbtaW9MT9Cw="],"block_size":4096,"path":"js/lib/codemirror-htmlmixed.js"},{"block_hashes":["nobmD8GNhYnkVs2Rqrh0l8Bao9vhTZrt+lEQARifkpc=","vgMtTcGspLnKqzcFXfvFVQ2g9Zi2XUczif1QnLXrGHg=","IoG5h5iyHTJD55rJVnPS/FLlFe56dZeKiI8oylC2ogw=","SPCaSW86tfN0rhRHp5FXJsM3/KDScMN2dDxt9tk3YAY=","Nk//x3B5QaDhEc1GDekXDL8x21qqW9oHqv0DKn9Jhyw=","cDvFve01H1S7Xz7JFvI5K5bY4jI2azw4aqYD6LBCWXw=","7nNL8wPm0CN3uXlNCZfY+VErG01sdL3on72WfzFBTKc="],"block_size":4096,"path":"js/lib/codemirror-js.js"},{"block_hashes":["FLpMjIX2+zXdYuhc7m5f2mWqRwS2G34Jx5pHxwcA3jo="],"block_size":4096,"path":"js/lib/codemirror-placeholder-plugin.js"},{"block_hashes":["qr26qsbPxzaEDIyD5LDKsKS8da429Eb57aN65Tu7g+c=","lJOWVm8eaQnJ4VAi0Hx6A4U9UvF5UwUubLPi5HqlkWI=","HkYp9Y2IszEvX5Jbx9vSlZPzfj3JXpniVAtKXgxGEFs=","YVq5tva3NX2Fkh3rVuSHTAw1VYL5AD1tUf4YI8HFqSI="],"block_size":4096,"path":"js/lib/codemirror-xml.js"},{"block_hashes":["PvE45GMU3biT5eEiZs+pnvqLfXw+02QCYfIkoKWfXmY=","BUXl3RY8ecN4yxWXEIWa3q4/wcBQrgaSeFsXdfMiB38=","HEFgxtYGtUbvrNUNdj2sAbSvO1gn9oUjicT40gBxF+g=","LvG3VtTvWtkzaW/DX5DX7uuh8NV0WNZGxukx6oTAnbo=","sqIq/wXL1H8ITrg8Bn3zU9asP/98zLY2mCo4t4WHsmc=","iTgZJY6/wSj7YBypwH1WY85NQa6CcDCNBjd97XlKQpk=","LKR6Yyc1mnrrUMApVgT8IzJySMEkyFseHlXYxx/1VpQ=","MvRyBoakSqQywuXNCMkfIXaog1WnkCSNV0uUdhuMbxs=","qoHl8zgZ3Qop7bEBC/RV/AYFdp1fPMVhVwioDkOmkxk=","adWGghK+hoQWYaSAzUu4Ru992KAykehAqsTxROj1Yd0=","HLxJXl9BRE5PQscyoRjie0J7fb+WPv/bEsnpPo7EU7Y=","VOQGymqZTGK66gGIZynxOqZR7nBYXvQ9/QARvYTeJFo=","DKBeW2RPWXjpEbtDOwQmO5tdbhx0o/kCm7XE+TU683w=","9VcVErI0xlk2In+3J72QEZWmBzoi6Q8NM+prakGI+Hc=","465Sc6lfqCp+nqtDpPs/1Az274TP0KYY0+3iPeI2C68=","iml5PInyEjlDT6DYPgXzFbemuduAVZSPyELudAfdaY8=","ESSOmHYEpIOmC5uHycPi4NuPauFs5DKuApR88LCvQBQ=","bwnDHr5emQeIcUerzDVWRXSCMzSbmYFlb7NFL5H4BoM=","LWx2nwQnFY1rkbs67v+qVpu+EvHR71D87kci66BKRWs=","YJfspIA3D+SZnIrip+fpmbTx8Oj+onv1Ism7n+ZbjPA=","SBSo++8QApSJg7F9f8G9DOMdVnCgqKfklVeHegHtObw=","+hk9VRR9J3xDToFbHj83iJWFBU6NXC+bjdQouvGU9xA=","2CkJVQOYk/CFBsYQbSa6exjzJotzY/oeoyHyivPtzlI=","1BIRh2qmAR5M8FbH7d40ZR58lwBDd5rtjS7hh6kthCs=","VwFAShW30N++VF/m9ASI1XlJ6gJ8MFbA/SrY3qou5zo=","8XmrGRZc714Q+ickn0g7u3dcIrMI9w5YRH0wI3UgdPI=","TFDRTQrUktYL1Avk0CiIwdFs9R0z6F9pJ+apY4hxfPg=","uXzp9yOmrttvuKIsyuiowECfY6XR1rG+ZckF6jqS+eY=","j41P92hZSjDfIssyljdbJybxFvXoyydQfEcuV915dBI=","j9wTtP6nDtM6v5treOQIZ1PmYa8DuzP3BKwZs4QYBBY=","kg+ZhJaCMShdLstSvkTOtnQVqCiRF7HIbDWfnRNo2hs=","xGGxu4CcuhTS8YhiFQWUM7DGsAxkJKE+G/BA4aGJ/gE=","NyTBedB/OM+2j1l/SpIVv3FjC4vW6jJWAmXRTrccbrQ=","DmNHQJvxm7GYEzJNbpLulaFjwJWuhrhRvcL7vAJmq98=","BtNgrlaWNBhNDp+Xr6ROStW88qto5FvL+5ySWaZOktg=","Al/8raj+uCxp+M3G8LFvpbM2BkMBWVe+pp1SRmnonSA=","Ea9Gfq3LK0bTiW+NFx5ivQL2nyk06JpfBjz/tV4tfhQ=","xlkM5gPVnq5/A++ipwm/gA04LnnM7O62Qx3vEvnqU3g=","kK7KSTBbxh9aZsYeKiSyys47V05AIsmqQaivtcJq85Q=","DpwvGSXSs+nWNhbOKz3G3YV+jApXwtDWBBNbE85nUo0=","CQbQChaSD30/0AxKHp1fsBk1/cZjWI3SbAyzt3Zchs4=","FQhF+V0yxtxhLYkzzP198AlMfLb6GmYuDCUZhthdCFE=","XIskSGitUu1L4letltfrlPlPRzeOGQit34pBUTU0AsQ=","1+GlPu/IB0pgIY5xK/n/BIJ7rQ8i/G1eDoefjRRoC3E=","m53TAkyS3Vl4aLi8R2VutJBc0qUF1f8o4IgwwdoUYrE=","GDFge9zmei+IKp0VFnmYnVVZT44kcCBbIks+MNYI5TU=","uJkFYJJU9X0bcQU3ywVQOKyNaait2s98EGgHzmbFHQY=","Ij1npoY7HStjJnkZjptJA5RMYr6yUFY/tAN3EpMPSNg=","XGb7k74GamQCybQwxdA8O9NJdedAi66LPvTMRT9TIrM=","5VB6ur0fskbcKdoxR7ZNMotTwwJWjyXjCH0ycg5/htc=","wbMCdQCqYT5e1J8/tehhqrpN2GXl2YjQc4wITxDkUjI=","uiNLO+mJHn1EqXwF16WHNYhBfVWqXH4pAJXabyMetMw=","9/sKwOcyiRgBlFWZj4r9Q5ZAU9PLiPx+hNIqnoptBfc=","pR9O1Ne91SAijCgkyCuoDqttC8K6ycl/UWdBRC/sfUk=","QTBAlTTENrV3BPENorzdfYz/y45QVUCsrkrSIEFOffs=","sHEUhwbou8CDjjNa+gj6XnEeCyVMWzylYFqHO6VIIIo=","2vgBj8779rBxnt3odVVAjghswltWK5pdXdZ6m48pde0=","1t+Zu8/HdzLgAhKSp7D7RMyGBeaNzdirFMEaW4UoQ8M=","qSb6bA8mrZ6ira1TGj7Ud8fE0GUBoZBOrrgIqBSB9bU=","E1gFLghrXSbbtyroHelzrRMu1SNQzHGUPp2k02t5sK4=","umZNZ/Qc1R5n5OqMJqyjOLNpVVUU+V/rMsuvaMVyTCM=","r3UkaW1W9G3c+kGCQ5AYKjM2CuuCFkg7+k+jh8+wBbE=","nH7MhkAXVz7yC3+oNhoO5V97NQTv27+O+HOO5mkP7W8=","E8ZmP9qkPljj5ZJJjUsfzwdnWswlzv4EHf59iQjkaBo=","lIwtcngEOPz47zqOsw4gLgjTwjZSImIxhCyEYlhLuWo=","KSnMEpop2VD/gcvFwJRN7ko3jkPlOZSIX7uWXB3v+gY=","26RnqoAAvEg8rO2J/6dDtLKOMVyU8CZOAY00dZUEx60=","WocmOmGwPslwJPQdKhBPWbyategL67FGeTWzBvyIcyo=","/S5BUrDUlCWWSTuxvi7gPvGL2WadRT1pzPXcESLSl8M=","HBoOWzlOK8kZAbgWr+IG70GYXYAn3ORp7CSO+Dh99l4=","a6uRQkf4yd9PpPEsEFY10KwF9tWTUtnmHHiCKb5KVnQ=","5fLKAHLTz21hnyRvkQFYVixr48aF33lOgEQ9WDkEZJo=","aowUD67TR9A1FCSjbwtmUzJVhSubJJ+m0bErc49WP84=","CXP2Yqzx1o3qniAh9K+kHCSJxMR9TsShTcHr6Jj03Wo=","LDZoH1vAtHJV3KmPMH4dvxnkEAUDSPbUAWMO1O5w4ms=","qAUJnbhSXBcjxoOAWFVxLaqSD41xF/yBWxy5lKuC+kk=","iDgyeNYoNuTFbRBIe8UAL6O9ICQ7W66F1V/2zR/3hxQ=","EqR4vZW1U0U9G8Q3OYFqIJcGsVaa0Vgv0acjqr0Thd0=","llXAm8WYqpiUBOqGLoCTONPPX0kk4f6SW8YQzQ5Iyn8=","jlsh7zjCVEpVRKyxUvUHGl55kxr57FkYxOeCE8b61Ig=","HqcSLIWBze0eiaS3v6ivtU2vvfPzRsXk2gQk3mGijv4=","FOGQS3oQpzQ2/pzXzbi6ljuaYk9rIMxGkGSnwWlKXrg=","87J6CdgU57qZ8rhWaxx++utyADfnptb64Bh+KiH0Xb4=","2DriazqXkhVEHsyTqBQW/CJypJY/3Mtc9CjWfou7H5s=","T00FzWgj6oe3sA3bu7f1E+jkMoFo9t3OZag4N1ALHv4="],"block_size":4096,"path":"js/lib/codemirror.js"},{"block_hashes":["DMXKIdG10GFBbLSy847tzM/fp6L7DvPOwpnhtnC8S/k=","4v5yEw4/G7TvrESc4jfdRwC8BHDyZy499fwx7kdIXF0=","RcEY5EaI1Ehvwd7L53NOQUPcgtG3phQV9Hy9UK2emgA=","scSNevlGsDBHCFiNwdjJ5toVuRAX86jFy0icdIRLAH0=","pHTXcvT7O8G9aX35Jw9Xs2yR47pHm726aWKgGDh6EZc=","hm4KQ75JS/sy3PWhNMTmU8w6ntVDh2Lfi0GPwIvDz3I=","H4i/oE5vTx9a4VrecvGWj39Lx7he7fCGqSeQqtuL6bE=","j4vmWJ5NRlF1Hag4GEInLxjVdJKL56jmIuPU4cmSgPI=","cQ8pEG8f/pblLiaxsbM4KEOR5bu9PBJ4m6WcZjlzwKI=","tnRHR0fhJyOWrwr4C8siMCnyUhtYUanq7x93M82P6GI=","65mKjX6Y23PFd6QP8e6+77uolDBnmJuisxaG7xOl3Qk=","oyHXydApYOXgAkeH6UPqU6wgYQluCYgj2jNS6W5ZCH8=","sc1VgVWKi4RJObcDxSnnt5GeStO69yjXAxCYq9JyI/8=","HyS7UdFXFcYokurjCijoygZkK3lCsxYF04O1mAgvHHk=","xVN/jvXaYpjUA1Z1Dn0L++2OXVzWhZGBCGakG+2uFRo=","/eBp5GalNy36Prjl0zfQzaPABjCogzzyO2L/H3x6LBg=","EQv/hGilP4A0KDaeDKNUycu+MFao4dO5QU9sgQa7sLQ=","E4mYPEd/XOBTVCtJI2Sm/lZa2PDMQNyFyR9V9ZZ3nmY=","sBBGElCf3SeRJsabn7mKy6GkRWBB/H7J5itzHwELqTI=","3x0eSIvX1P6BKYsu8CsDYI/lmvAFb7V9ce1OGhYmvL0=","AjRHtuunIfzV2ecZadEJyDe774/waTY2OY3X3N07dg8=","fXCkh/goUuHJr0zA5lP5zGdeITYcrMRvrgRz6wlW5II=","OIQ/51IWAo3vyfGvCq0+6+94IuQbmBJPY8Z26n6JRUk=","r19YeMss3r1xmnwvjIOV2J6TFnVOK2jL/zNSRRm01zk=","f7QTTVoCuIFxtcuk9RbxbD3ipGCyIu5NKfUZ4FPF5z0=","wEOt9QnZQhzII7VH2WgU/JGLpZwc+bZ8UkVURARyAgc=","V6odwjyQFjJuYx5W/Q3PI5jgaUzw/cwZ2D6Co6Ztmf4=","qZzSYlYO0Ej1ZPqf+4iwSGM+yz9MnvsuxiO+6Q+E6HA=","d/4MPHl1i+sXmW7HgxXcCPkmOfqrlaPRU7XQTDgSv6c=","0uZeHSBmO7E4TCue5FapAcJtc0zQ+dMAtKxGA/QS92E=","Oh10HUQbsnvO1mJ4tFCxmyHtuMRC96jvS/HHNb6BwSM=","FPaQgDlTT4dQZ5GBHf7kRG7DM4CE38bv0jFbKrV5zj0=","Vko9iLu4PT2oKmNhsg9I09Xj1yNJk2+senYd3O1kKjQ=","5AFmp01LULqqdUNH7onBYpFedIhOzm6H0XN2HOlATWM=","JX1bIhWtbRsm0/jAFfILY/azfvi0wln8kviCOGQGU0Y=","ftAEx6k6xkiKG5IitxY3HB/5ztV1DAh9M7GFKVPObcU=","6B+dxHxJ3vDAH+sLNjbOGHaRQEWAbMLPhzisc1h9Zts=","2I8gu9Oozf5Ia2IiMq6PhIRipAQys7K5EmHm40xBFQ4=","jRGEIYxEe4nSM4gQUPrDRLH+qTk6fQPz6LC4GAIeN3o=","zTOo2wpGr32HzTuPgGn1P5WnStPb2HyvHMBV9hPrxPQ=","sw5Iduxy/bCXyu8uN0b6W+r9JEpjKg1ZgCh6FweLoS8=","Yjyv0CbH0/mahzdsKXLksXMUCqlmIKOm4wgEdw5hO8g=","4o7pimP3BJGMXXppvmQBDaIErRO4D+SCiqNwvUyDwyw=","7Y2E8BUnL2VE8nDbIEv0a2Bm9xg8S2JvPPKTWlINTN8=","jPCrdCO71bQT2KaMBvyMtd5vXQT9Tjd8lQfZa4Doe2Y=","jZ6HPQ93XNYivwCu8h6Ntq2eHG8oB0IetGeqQws2It4=","uW7O9tjITJ/MklF97ebgmtz50hNgU+9f8iXGuYJIZ70=","ZVK67s22l66YzhmMH0R8cJP+/LM2dDySzwtCU67wBfQ=","5O29EUs/6307A42OsaxePjOZE6ny6q8BBeQyXOwqkOQ=","2HG/Pzg/ZkBlpmzSMCd+ouefPfJTVFAzvlNGB4hdWFo=","fCQJMX/pi56vUjo9T5TZWUnPY7WgNEwF5DIF1FrxDSo=","NOCEC7l3GhJ5zNEdFzLhi6dsVCTXfldKtEZEv+pyYHM=","KBr1vfanuhy7oveINvOkUoETZcTDCOgWsU8t8A5mTUI=","xxCJyk7Occd9MMYD2BWX67Wdnp3f03mCKH4NE6HURBY=","nlGls861z/b6JdtO4fxEXjE1w5wto7uR++xE1Blr5cE=","in53s9U0WIJ28in1D/LCzkbd1b6z7k+wXO3aL8c6IHU=","XdDy+TRtcc2qMVgWrdJqQQjT/j1PYUI2m1O8/xDxo98=","j6/GCIa1JbB8aL0eWi7dXryhrXt7OzaUzv5DvsCoA4g="],"block_size":4096,"path":"js/lib/handlebars-v4.12.0.js"},{"block_hashes":["r0IN9bnKipU06AbfKpUes/IrN1u/871QDxMU2uOR7tc=","siGX9Uhl50tykBN6LIop5Ka2TkIzYqDORippBoX9sNg=","V3kBXzCx3tPzkqtGe4nML6fRxRMiWsnDpYkLQ2jXTGc=","je+FHRl3gNIlx5zmCk0EA5CwmgEkWu82rYtOo8NcvQY=","EoGQrLdC9uM13zaglvWWv/yHEnxh4EWGSVcqqAZNlhQ=","BzLNRzD+3QENkcRDI/m0yw9bUQbmDJ1vQQziTt2b3Dk=","9Hm8z17pIbFWaJKELM+RVQY/g2m/BcVTFAR2gaSy1RM=","65Cu/BDUhqU4ALE1Etaot7cen0LCCwD+rUqsmsXA/eA=","+3lTMa1Rj6HiXQ0u44+xLugAJQXrNVE8SteatGkt4e0=","Twp8++w9wDpuIU4wqOSYue7CsDMhuTE9SsONUSIkL4o=","e+zf+BpRoP/yvLoSL9/nmOXvvBQN7Y2d/q7UA+hjHnw=","9QwHxboyqi3LntDQcgUP1neOdSLE92dTt+beBxLA9X8=","f9mIhVuGgHjjqPlFy4Dcw33C+w+iinkcjLiUOU1Y800=","oZqoCKzinXAbbVsGseoonW4vQ19wDFwPJrpT7rcr9T4=","ML+6I12X6yL4a9l/aT1+MGkSzHJnnTfKPK6bnRvXUcY=","YtWco/+EfxamXpiT6qBSX3i93tDOkQJEnU8CiEkE96A=","sFn0Kj5Zqdzh7olbmwnZ+NLs+/ZhYtRR1Yeyf6nVzbA=","vQSKRXACXdvoRgTOgUlhNYQZOv2+jm8GqzkoFWv04Bo=","tgp477RjJMGW9uZrg4l8K6LSpRcTrhKrYRqY01Hr3vw=","katZwqXEp/0dIegX2UthI0pG6q09su897cQd1aDRTEo=","7OsqaR2jyQ16YA3Uy+QJoAz4oyFahbERSeY8ThFeDZ8=","lJKOTkHZ6v96dX1qVg+WZM6JI/TZ+WW9Psa3MkV9JsU="],"block_size":4096,"path":"js/lib/jquery-3.3.1.min.js"},{"block_hashes":["4RFOOT6o9agPsrRRRr3TjrVqrJCN/NeqkGrhenkO8H8=","NvXfurKIXgasE5UTN6xbzHZ51F0V8KZuTnE5KhVv2Yc=","G2bc4lj6d+UZEWo8OVAfagDzlBO92R7NDfr9v29Paoc=","d/maISMcOlG0nXd99kDDZNuOxphROMvG4v5JT2jPKeU=","HwFTAGO4Imn8KmMGwnSVfxTyUK0EY1zJhSabHYzP/Eo=","/qf360hHUBD+C74egnuEnoUHOi0B1zwO9SoqPDfgnlk=","dhngbMbJUwzzS7X7N97cMise1oO1Nn37AJ53MjyxuzY=","hul12S7Zwej11jKhEZqjqiOYyeI7nmTPma2YGpjjiz0=","AwJVHTiWpJb5a/LqGoFpZF+gxkLVQMvIycqe+kyYoYE=","lctKj+icwj/evd4i9tmkoEJYigAKm87X2tGSGHZcxu0=","UQvtH4Zm3SBdvs9MbjMcPCKtZKyVi/bzVJ6oWa3T5LY=","rzetvJJ91LIHbE2WgAJhDXtPlnfzDMNNxA0nchnclkA=","oSGVWGcnRlmnmO3Icn8LDjBsDvP7blGJG0HXNOgN6x4=","kn4bO8pOVFR2kWWFXAO3VZH3fH2Ma6U+FKLcxjw9uKg=","QFmwI4XgTTIQgzQ5B+LsxTaLJvgW9Jme4vYN+XmgOuE=","hxExb8Ppm6gffT9HxgnZVvnUQzH0rMneNaDeRUNGFw0=","Sl4b7Wqnd5wxsp73l16uT+WWVzNitvdGnjjihupdM+o=","Qt8Cos9lxyWRXeoKa8CX/wj7yTqfv9mp/EqokfSoCRM=","uFhBkvSjImKvjH4BLkJCAueHWFn6d3pZiriaNi2kMWA=","mRalxDTR+lUd3pNxTN3kc3N8J3d1p6V7Ki4auCS63PU=","rRWusZygK0gN2RFkxn21nRFw2RcwwUICHo34nFcPT70=","IpDCErVUGud1fTNobKQHwYVKqq77lVhQ2p4NLgTQw1Y="],"block_size":4096,"path":"js/lib/jquery-3.4.1.min.js"},{"block_hashes":["J77I9c8BuZjy7Eg1q9v/+JWaVA+wXPiBIMZwa0MWHY0=","7fg24PaH+MftjH8SN5vc2I63ZdQkjbeail+KtY9ifts=","y0CJoN/dRi+m0NPkfs3S0aCp5rnuFQBBbzAV2WOi5bE=","+zHLWlqdNbpG6HQ/+c4EHAOMK3QPDUuO48U8Mz7raiI=","hCDhKnPijB+i7qyFx2fhryV7YqC6VNj3MnWv5Ds4uPo="],"block_size":4096,"path":"js/lib/jquery-migrate-3.0.1.js"},{"block_hashes":["xfh1Kvg8czmQ9ZZAfuhXA7ZvsxdLw+mnWjmoE9tViTI=","85MZAK7YGujFDnIHeg0DbKSPIQzs4kGDo12hguZfd+Q=","KVVRAs3RKgjjnSmYm202nKi0K3DPUz5GqNdXZmMPp5k=","KORZ0f4sLsIu/0CpdYLjlEGIcBJjC2RaG4WvzgWF0A8=","lbIcHdQCdizAPCs7qlZgjXK78Zb3WIoVY25Ca8TNYVU=","d+1A8pgk9j+W+fjU/vgUjeJHDnMJxp+Feb9g5B2Dqoo=","PPSNqlAXM7/RqHMqGlcu9jE8WocUUgxwVpjOeto1M0o=","+1iLXixDzzDZW67EtmmMhNCs0XPdXbCiwGXfoGyplek=","GhZrYuFLajinnZ7NNAd0NRolO4jqLhuu+0YhHgdwqP0=","sQvMXA1HtNOkssWfSWvTiNl8Tv/a2lKsUgdXvM04Yec=","4sX7V3+1JrPniuLWQRPoApvjRr2yLgOl5GBe/e5rciM="],"block_size":4096,"path":"js/lib/jquery.gridster.min.js"},{"block_hashes":["fcnt/zFhCqXJFjSTHtdeTXqzIvyRtjMCBPUOslssgvQ=","f/44yCmCW18Y7ILH+nHU0+jaOF486ynwbPFP+Yuwk/4=","cxuHGjPMbi0lPAEUNk2E+VPZ/gWwk6raqAELzb2uPKM=","ITfVmcF+j2JFD/jvMK1IG2DHkZ8C2X8eyHYk99w0PCw=","HdP7eY7wReX9vdR8xQyLCvnYtXDSF6XES+g53NHXZEg="],"block_size":4096,"path":"js/lib/lodash.min.js"},{"block_hashes":["xsQaFRMYHnTL5KMMIAJiCxHpWuiSQ0KLhTUuVGhkVok=","vkBBWFMsZEYgrS8QWSbi2f32DrhmJwcxRlFYxU+e8Qw=","2jbFXJ0t5MJp3mHnlCihvV1OS72HGW/4mHjFEutbdPg="],"block_size":4096,"path":"js/lib/miniselector.js"},{"block_hashes":["At1PYH5ybATdLbRl7g5vXoRA3ooPkzB6GiLymyQSG5M=","Wtdz8u4z8YFjxztVc2q3zGB4uVd4TjXxgbrmbsfXrt4=","NcUpqLwnpoNK69eWBumjPvtu5SLQn236s0U+fuXLUkQ=","OOd1/ArRWUEYc7EhQLfEH6LYPYrgSFaIBjja8BQiHHE=","XLJdcQk/gNLJsNHm20i5R4BSchn1+Dk83t3jrSPKkmw=","EJ7Rw1aioepdvnFYNqKZvV3IFsQdD0hbfGtHszyWpeA=","pJZEpcTs+ZkpUA7quHbtgr+3ddewv5lPl4aW4l9Rl0A=","mAWJ+OTomC4Zp6CGlURTpqCuZPOPzER3eoGG0L2/7LI=","bF0qX6/BwQ/50Pu7cR1LOzNEnZMXxkDUCfDAhUUV+ns=","CuqBhMGTl1aKIZ/1DcrdrDeZW/JAne1ncWRh51FjLYg=","UPFM1sHQI5LHb/g+ukzZNDeahLD3SYNlPtCIrTr/Q3I=","K4+AV5JQpF6U4Jwfm8m1so+StqsguyW1UsN0DIeusMs=","4LE0bBPWbB3fG/77viYWDzBGLMVDHUh8jdg1kBZ742U=","AOekHdYE7JZLD0vkgk8Jb7BoHbcpT6itYGkLRbrJUSw=","LE2bqlQKbYg5e5JZDG63JCVqyd1jdAENEsm+n0bS0dw="],"block_size":4096,"path":"js/lib/q.js"},{"block_hashes":["d+PtmdnPqsXlSz8RMiEv7USKGlGxnEexLXifNJGjmYo=","eM+FGkfh7eCD3AtmUl+h7sWfDFsp+WIcL0aQ41oPgKw=","dSQfy0TiIl5RpWU2C7UE38ff1knqOPn/dOIIGMWJ+KM=","RvTjYdVsdIlCqDyOaR5w52ghL2VqtajXgl0Ms854ZeU=","b4Dp4IbFkgRfBemb+G0M+Gtl3b33aeFwqK0sflBCHsQ=","gLqYbANBYroe+ZFMJByT3+C8zXOCqABHk31KKNUBbdg=","EOEq3NYQRSVosM0IyiYEMCeyxP3XXur5JKlXRDS+2DU=","M7DKlri5If8d9OPBiuJLD1rsxAOkeQD5Oby38C8wUd8=","SepK7HDA1xLUEunc+LskED7GfAqf+FbnOMZDtI2/Fbs=","wMf5MsaaPV7HxuHg9TD1p1dzl1/+TZaalHzvQf3l5TE=","rfvPTcT2veKqpcD5UkXHUB0ctVJQNou58LDoONQbBz8=","8/V9OlR3u/6zzqlghfEFtYq7EbTgSaLvap2XPcdChnw=","xWrbptIz8phnBaXDwcGNhd9v/nTBbH2jEmQXlA4p/TM=","DGWyDYnkoxJA3RJ4Zm6kOsaVbkYtlPdDp1ms0dmPB1Q=","gvxd/poSx/A8jTNoL5AEIgPs2uOL4m6jtmS4wTpx/Jw=","MYaW+UhCsf1S4TPDOBXH8x6RpES6TuKUAybFqFgU2eE=","c0JFcV655p/7Y728tZcNJc9JcbF9JlaT8LmaqebwzUE=","sAtorcP52ieRj2dL+Ih15KHeBgIQ4kv6lStZSbMZCFw=","VsByJ0VZoB7bfbH9vITV10S2kV+jC1XKLGp1G32wqco=","6ETugYHy4zPLIGQmf1OYjkOk71t2fFc+XUkQWyj3hdU=","RvzyX1fCEQrLfXLm/iCC+HQAnU8mYM39peV9lw69Rw0=","VnfOua2PcIhZVRuv5Sqr+IlJCs45sVHvQ+Moo6lLdN8=","sh1OyD/bY0tSUp0itRzYYQAzMypaayF6vBbOjdQ8tI4=","UhX5QQkLOAf7zIn9qxgwQ8wa9cx/nMGUrJYflaKQsCs=","hqkMY3H5YwOhq/FezyVRex/nC+11eOb+HUihxLCWKqc=","Hh10ChFJonZVJKoFlGjFEq4vuCnUM5yQm5QVjdciMCM=","4ZwsfSNnz5qSeO7cZvEczwOOTz4RYFHF/0tgDEgfhaY=","teMy4sA2OS2EPKlDYHlm7kzrexjUPriHoYTCt7Rh0Ks=","PEJtp84HVCXE/lF9ETyVg7Arj4gl35bvce9/MRGgzVA="],"block_size":4096,"path":"js/lib/selectize.js"},{"block_hashes":["AE96k2K711bYrS80r8zI99hj2KTCeZcZTIPLFXb6t6M=","zt1NoH8U70ymqfWJKUFzQE0SgqjQr/52qZEC6UWc4LM=","jqNG0qGaBNsjGghGpi6aGz0d4+/f7w6JeGmDsoFR/X8=","hFCkkUQuwSfpQFH/vGlmol7X6DZvo6neuwNgz58g+Mk=","sqs8+9kchnlRuZB6Xy49OwW5vokmjKNTurkkGGDsthU=","cksL5aIqMSsApiR00b+dBzzsKmM9gBczV68EvU4AOmY=","4cZnMy2DNnBkpY2Z2DxstilSrZkfmKX1M2RxUcnem6g=","I5CRwcJxZnuHQUg/Bq8xrneyv5Z7ihNEj50PZgY2D8A=","UYE7+C32KjaA/IPByBkPeA7ptIEMLeebMzNrZtJrBBo=","NEUDWdKdhZiFncu9TzggwoK14Qw6XeCK/0JS3ODXr1o=","ZAiaZq/kvEZpA9uMMrvlHe2yLKX8BEjKfMBA0Sf8nVk=","t0aOQbK1a1IXlfw/x4Atu6RDhlcTNHNaAnrOnqdwvp8=","7QMxUGuNOWUsu4/Ttsjndb0vuqv/2E9qIp6e4tyxt3E=","5UEtxhA1VVnoGaQ79L8qcFNMnltYgG4hHt9GkQLfniI=","ZuuBVvis3A0J/gWW4CZH32nFIeOb4V+9PQ2aEdQ4tuQ=","9B4nizR3x8hHZlFVBEtTgm9Ofow2UoxwVT3KsG0jkzQ=","02A37YXZu3s9cuGB5Ig+lg8TagHGJRnJY9bV1Cej0hg=","5r9EIP5hK7LSD++dMRvf/L0BmkApUWROF3VwOP3MDX8=","PNaVmmvhpptpJJJIXmPQqy6oVAKxSLWnENk9oUrujMU=","BUMhPuQ4p4pQtMI/T9Fh9lfXmDcncrx4foNFbtXAq0U=","ts5YH4IzCSnuxudquVMQ8L4xU4fzfyFx/RIrTwf+j1E=","E4p2b+zBok/3yBYkDTxSupJWlOe+eRDqWeJpXmDTzx8=","TFzYrEpzxN4a9gTDP9y/sIA62qZWw+2wfz/rHsWAXx0=","1pZR0xXfbXFn0Muv2f7zhK0c72xGbDH7fqKj7NBEUx0=","HX/yIG8XZ2ZeBzY++HbFWO8cAN4XNm3xHhzKlyMdkCc=","61yOmALsGNQckYJI/JaswNTGouipedaYgzj1vl0k8YU=","PVHgTsiTWmcnVkByIq84EujMJ6LhwFVbKgICExrWXuQ=","e682BjjMuOGsNCh7r6mX8EZ9r4rx4Kbdp+f+OTaivrQ=","V2n3A9MPIElqIROLe+2lrdOkqxXzZEKJKU0wNdoPPuw=","8Bg66D3nU4vCotXyTVGp7DkoRX0FdV1IqYK90GqbaeQ=","mC+o9ldlb3zHQsFg21jbjogyrnaJKmh7iwCnG2MKzyc=","guQn10XHWVpvvKFNLQKrAyY4BnVpjOWO3XUuI6Fnd7U=","7+jur1xsWbafyWVckHJRnNN4UDAA7HRV8b3bIkcqLEA=","wJ3LNcnE798xssLwC9YEBcai1nUdBvhyxzjT2hEqGI8=","R2vyzlyxaQ1motZYJ8C6ArNgihR6ZHkcoPIj49TJG6U=","HHnfKL+ksk9g9uki+h1B7OhNm2MwTnJykEH3gpUZWgA=","+M9g1nEq4LVHw5bKX8CBaAytSmtrpJ4DXeYv3fQJM9E=","YLhc1fO30/PRItgAiuRsrQd0iZyNHTpgRGDd9vz4otU=","89VlIryexgYfKUpruB5epV3DNFqLCNQ7OjfhBwBJXBQ=","Y00yDnXy3+V9CdFPNBVXBfyENUAD2542bn9avBf1rwM=","bFbnRVki29Oft0mDdrQLWqrLvhHGn8gvut8kVsP1xwU=","EbabbZBiNvQ5TIdPtLrkwNkFYtkvecksnftC7n/zyVg=","Ja1fmNkWTLNnMECFsI4YVf93R5ln/DWeMCSACpm0AtQ=","Wp6htQCgMxRpHPhoCmijVWThzSEJl0nHKvmH9oyvbgo=","g+14Sw2qJCQ3kYai7/PtnfTYdeq9NMCRfaRxxcqsB7M=","eCOhYslLHpF/DsFTye554xLDsTngk2rZN5NPYl7tRsM=","b3FtzSbieJERdIAbhtsZ/kT3St9+SQNEnP1IAhxilaE=","fidsY65hi84C6P1ojxvPsxMLneH4YEUIqfM+ypGd158=","ZSTHZNgWAqZBFHi2vICvNf0fhRQndnV66bopJzBP4Xs=","SJin8OH0wpbMupfwRL1WuxkQbaYQPRp7u82kDmnWYL8=","ti3Vc+DXNl/OwA6Hni6pKBMdx/PjY+weRyHRh+s7+W8=","F7rGs0Q0O2ouDD19Fuc8S2z7fG1yLPWuKZu0NHVxKmc=","XFJ0Q/XTgf8EmZEvuwitN+Vr0h2YYFd1dho1nTiuerg=","8Z9i4JosQYhw2bcGZWZRkwOFu59fKR9vSM6XBoiw4og=","o9y35fBnH69yMYN5tdcyhvNeq4js25VVlOovFyiCDHo=","rxqMopbpKX8/LKZOIHPJ2Uu0Eaema2CONQlLfTfTcL4=","peJs9tgoS55nsFA/4gIb+xeDtVpDmv9ernZlyk2kzkE=","6grWRo8y9HVjSpHNM2XR9iCZwl0BfJwcjBNMMWEcqgc=","IpMsGsrjHHd+8BSt4YBHqqjsHqh2jaQm7Id1eLzwXO4=","cwTfyU96qA2ngabx4q0y2hLD/ZDLq9bFr+VJgh44Y+k=","QbAYXm5TXk55ri1fmir6w+KLMwVjqa+7AlJmIF/LiLE=","Bw1I1ThoQ6yAI7YcnHcOHzg3tBX/LZzA9EUz36pdj1s=","Il9M1vcokzbuDADkeUlcuuZKtU5CauL4SlGgSHEvjGM=","a6Fi9Xlkb/Bjm38KjWzrtFyOKgJ1sNGj8kFC0AzmQiE=","9QkzValPskKNf2uVYgNiU9032Jhz0Q3i5z/aoPMcBIc=","1b6x5FHVfyG+RXpEpdKn5w3oSGD6N8nL8ZxAwmTY4Dk=","O1GFtmncfMVmK6pITTn4n0Y6yzjmeG9KyAuYQFH6OHw=","qMvBzn6rlw+niArJWNEyRGu3CnQUIfSUvhKwZ710TXM=","4c3jsKOkYquazcVMCq/4AThDyO09PJxwPl02mW/wGio=","9Ij7VmkdJQ8V9VEZMTa599PP96FVkWztIk1sadJmMdo=","4BC1XmLnAyN+Acbuetnd7844bsFWBPtl7JFHodwtM8Y=","E32oY66HN5GI0fdF+wzSA0dpgXG8EupKgzj0Y9mEFb8=","Qlj0gQPX3zs2w6mxAz/F3hZu7P+5B8zMg0Y/GV8vqlw=","+CWp5PBJ97YBRPZTQlxE6ZcI2/X5zSG8gdoAnNH19ak=","Q/4ltBdqADPAGvVrnwuZW/QbvuZzC6I3Gcsg4AsE+Ow=","OkawLkvOmL/OM9sUd049xh5eouKO/0NFriSy1KEqJRE=","ZjPvqkUajO82eScdVLfHwa9bEoXOM8AyslFxffw/Bq8=","5htA1yKnvZEw8bvaWpX04d0ndh8yToDwqBTMEBS7pVU=","NaSy0Ygfe1mcGV212S5BRYqquKP8vutCW3Yze8ei6uc=","J/L5D+gtWm4G5jovM9biqc8zq+sK9PC+TfpfPpnKKsU=","UXwwYPvgxCAl8k26gwmYNXGFcmLKmcASEl3xGVo9LSo=","9/y3+rJjG5A/9N9pszVxiBUXyxJn8JsuCifvSo8QpjI=","rXzf9SrU0IpbVnKQnRTw/hRB1MCcwoHG9M5MIxMkqaU=","fEbgAU7us9Xl/AqIjgRsKR7jYbVivcZc0YXkRw5m3jg=","N/caTWkEWNJSUAUO8D9bSXGdINvGO+InmCAQLjeTbyc=","nuYTQ8DXJtJU47QWs/h0HzHMAKZmYj/NNinbUjg5xKE=","mkuq+06fyAJeByGOYgxtJpaKrfuUp0koeRskD0EeFn0=","0F8RrKBs1z3b4VTu3cClW0x+/FwN0Az13fCEKWGYJx4=","HAwHPflmkUZUGIQiSIOy2wxH2RuQyA1D1jazXVuofks=","iQZ9a6QOyc4gVm/AEWq9jtCToVY+5YAumrctUnGOJtg=","T75j8WFXHsaC0zIgXidMkByQK+PPisLAJWvitRm2sY8=","d+o1JrkRhtiLVY/+LlwogOEFALDhdQKpaqjPKM+ohmo=","fcS/ya5vrkfydVpFAkkA76p7v0OZ50ypKYWQrL+6hNE=","vfNAS8MoNmac8ibESWPCU0Ye5kVElyPi2dd0M4G4HD8=","PFvynQuBp46wX0tkk9/lqTPyGTca7OfuuDYk6mcuNxg=","dtbJErlE647H/tE874ubft9PZxLXFsyQuUXmfXtcLdw=","TimIqa5vkBwonXjEJekNJovdZ96GztvISu10cvVcZRM=","oR5gkykQmCzOugRNntEZJNS0lzdFD0wIqIMh+IlKb0s=","Duf9KVgCzFjHYtaNKaVlCCUCUDTVjcdn9dwWhoZ/91g=","KL+Acua996UbsNkMeQMVdt0LB7eQs4UD3AxzTVQYYIE=","/FXB4AV3f4UvbCEDdD2tZjbVkwtXO+2BaMrKF0Mi1+c=","nY3DpmGUTyb1yAiqtslaoPwzGsrjeNevB9OCeXzrXyM=","iHMsu0Ncf4Tf+SWjMiHAjvGg8ItOkGGARPXXRO5gp6w=","RhpA0xVvRKYUNmc/6s9LnW06A2QUE4FYCmjRVialOZA=","PzA3kqm5R7pKa7+61igdeSRfMy4AMAeCV7Z0ELOQbr8=","aeaXYIPp0qk4v7uBLhPZPWLVaniww1+NQQ2+G6JOACU=","vMholUQAX5WP0kHrv61hcv1Z4Psi6jpEFrQhetNO7cI=","wxHEzJvaK1XvCsGx90FyUzL4CRFVaJ+NDsrCPOOvNPc=","35SBJKIf48RcMkb5ff96aA5aK8EpcMZBzdEEFwhE/bo=","AyTX4bNIBsUelQibbAVzqZVOLL7bK8LiRQ8FYZHPeak=","r79KlbdRzerzHtkX69oDcVT5eX/aB07fmDj/kEC60b4=","jBFHAPyUo6RsnFE6wI47WLYKDk7cVbCu0a8buyQLSYA=","qwgo/ag2tXTAUtQAiuir9FoivlssrpYZZrXMjJxiQ6Y=","tHPA98k+6msmR1Jmx6EPlhq5Lm423pQFs/jG68ZhXUQ=","mDflBSVBQ2yi/XIvJDAklgy4m9lT3ClETIBbgdagGpY=","Ke+7f9TMNp+cVujMybX5hOyDBIl7UHOoSFaRm/3LGsQ=","clHDlF9Ow2ldLsonTnlh0dWecRd+gqdLr2D8HLfsO5w=","TSu4KVo5WUt0GfFFExoqkXrEIvg1INtHYQv1NVShF4M=","V+IvxDpMSQlMcy0Ob6/T44ewnrgutpuPH/XM8wv0bpE=","kIU5uSnQonL0kZSrm+2KM9/plPui+j53OgYb18zCGjQ=","axYnGgqE4Nem84IUkziw5RXra1b5Qcdp/bZzUSRW3WQ=","otSlsiDLGfqdsM6uS7tvmVBVEdKq/F/ZX6YH7JEG0uY=","YNfJC/fHL4XKVsz17SvsWEyzkxwmRJnKVHsRP2aP2LA=","yhjSSLKungXlX4WcS2xEFUQv8PHh1AycYEWGhcZi8PI=","McySw0X/SQ8PH7houwXT+6JUJLQ6fXWbpHyXAA2UPWc=","xfv5je411vsSoKhkJUnQ/Vf5owXK7lxtgp6nRZb7NkI=","givTF1KQiXqyK+WePLZ6fJLT3d+41tSAaQE6Zsjy2ik=","qLJ9azHdPAKpJ6DR1g3CsWvtZL4OokFxmhCp6B5OJBc=","BujZodTr6eCa5rnZMNw5cgaGoT/RbzItckKQASR07g8=","/acb986U5nQH4QsUKlGvwIK1I4ANrQDEeGdVKEWJy4A=","WLcbihy1/aSbwdJK9lRDpvzuBceSTc6V1WY4d0YGNMI=","iYIbgPJGzJGHXbOZbLgEmBX1aq2Vx6z4534AZ3uEC0s=","EobJxENYds/iRqq+QguXzDXpyuW6tgAVE+rFYzBdxWY=","U4+JM56tfp55GhuOgUxayOvq+oAPfGmLDzl88eFb0kY=","WMdghoqAiZwQ3doFnUWSNBaoujNdnWWiyp6Y1gpd1ZQ=","6cbU8KkRRjpszSIfpST/Kfao8xxgxlez3CUxm7O6U7w=","x1fn2tKYLO/R3FtomxLjxDWFk4uoadjMuGm8sFTSMRY=","bq2s9qV+vYlY1YMFqGU3n9gm1M+9H5qgDlbXpr5VFxQ=","DOZT6tnw+wPmOG2tDmIiQMgehcQ3H/CL5jmMf8CZ84k=","RmKXg9uQUmmWdS3JkM8b4P7WN8OZNZi6u3R+FxyK2U4=","QFj6ucEyz3+0IpNqNa9y7QSamcFZUejOS0owJBp6doE=","Hb9/69YJbmUmKGKxPt2sd0sXYkCPJSwHJMnV4u+FRRM=","I4SXe9Xvt8YAr+oyKrwqbCyPfCSCPczITRinA5xR1cM=","GvDr19aEwJeDR2TI3e62P/3ISNUeUXj4TWYKK5Et7GU=","85a1vRA2UU25pGSgeN76P7GPNwILbQJe1Z7C2vxmfYs=","MUPJp6JeaeLl2l8ApIp/dmUs/ZpyEN7n18TpNEDOTho=","Pp/9q8vm2pis/5L3Jdt54VibFk/5dn/0Vl/b3FeDlBk=","luEWzzHGXGhkfoOm/IYpKp671Frd5JVMGU7gQQl9OZg=","cYyypta2iya3CVrc/gDPxwAxUfcLaqsKqf1kiobgQCw=","n9gpepnDFlgRCAS1j/TgIoRIl5UXnZjv5rtiVSHYqlw=","lQJCIqVZVNk+R6Zu4J681TriTFEEzS2aVTf17WiYfF8=","5QQ92jPDwjEkKUWeEB7RO6KEegWcCNsbgg9i3lNJ1aQ=","UFhY5tS00dzWhBzYHIh0PdsrNTqyvVnBhgUuj19eiJ0=","QwIMsK1QflQrE/yJPYTl/SUhqLoG8eucN6FrXzUzeAA=","U0M2Cl5bIqRtYwwsUO3V8iaCcH6jLGvClg4gVJlPR2U=","JADIlZLqmCu8j9q4TPeCobpQ7lJxrgIbpIWBRyeCSAU=","Pmjs42DtaRpPqp2hPEh5zfuUpHLaph0WMUSod6yqa0c=","ivd5/Ce/sVuaDCSBr41+JKTlzlHcn2MAoJylNk1sugg=","A/at/KayWLCitR3CTB+dVbBpjH//YJJiiBW2TX9zSVM=","qCuHZUAHzFDAkEjT3Cf9vlDUWPJkopOMFpTmp8W1Lmo=","SP+YvHOIomew7Dw0gbC9RG5o7HzP1O+jMVWBJRbSCOM=","yYOv0W7riwUSqdRX3Bxo9ZJ6DKUr35qbWnQzwk8Ov0s=","RcvFZm5Fsvgf3+XH7OKeeKF1/mhFfPFVy3qewV5clCQ=","CfM0JRv8szQmUwyyM3/OIpjotrJNbXD6zZ5HY3xs0e4=","V3a3IMjCHYS7WwamR3lalpYrBdsFETuVn54Z3Z8ah9g=","DeDZTjn/TcSjukhzLlG016E5MVi0DeoQrb3hwxUNzJo=","wM8jEG7DeVaGzaiaiQoxcGiZVWCSw3DJwFZRceAnFBc=","sX6L2+nPZ8R6TYSVcAn9sAqLBpyedJ+x2jOYg90WZ6Y=","gD3p+3nmtGsep/OOWjEJqsu3BTjty5vLzEXJ8rvLhb0=","PBqKtIgjUVmcpQJZSsobdRjOX2TfqBeoG4fn6LUgZWc=","Pj3htX207ha2uB2ZAlnDidSlYxJyw2UXU9JX3ZP5oFg=","mOtierjT93tlR2ts/PR/FvtkOr9n7AvRIdPR5Hqgaw8=","15veovAkzOqMdw8hx6MSpBEBwQv1lAybvzvFaUsv850=","0ZG7+7dPwSbcclbwOXXl2QqQEORMBdYTLhs1hnc6GvI=","v48eeX/dROxOnuMsuH1yI5g8NV1ecSKa1CHX5l8Qi90=","hdXpFVFJPU5OroVA5Z1py3Sw0F7xiwP5dY/cfePdYQs=","gIjPfqv0ZI5yGJDOoRGMZ/XAt63UGTOaIl+/HgHPAd0=","fPYrol/ki5OBpCwYBFaD+hktzybBrD7RJZEdFYyw+qM=","WnrCmpT8bh4bRBT3xY6pKItkyqh1NTzj0cWel5fF+y8=","fRsOruHyni0efl+Ab948+M7ZrVtbvJ2y/ZPBCW8wP4U=","BCL/0SUDSz2jCBEMvLEioAJLL0p6TkwuSZ87m8FYhPY=","BlwGrGOoz+qezAzf1wyO4RnmKFgdqaLL9tzuaXnk09c=","6ZbxIB4Sl43685CuoBzgmj/451CbCGKnCkHXydO+Fgg=","SaeqcWo7/b+TjWCeGAKc24Fdqi5W6hH4q7088BcOQ7Y=","1+f7RTmOgXpQ6kLbUh7SA3lCwU+zTs14iroqN0wS0L8=","nt2MeUNvzM7huAfo1IpvlsaYQjtjKotomgdDDDSjUj4=","Yvr9SQMm5eH3WE7GQ4F23rQn/x8jlzkDRhgP8EnSRNA=","Tk7r9+qJAmjb9+kdMYC/uogZrIZE2qIzrtV6ds3w3ds=","OGyBFR1S+PG7uyhGZq60H/uqSAlUm3jB7K2NYaernro=","A4t7c+OFKe/S90kLvbtBshflRamtzxQlaIifJgbEDxM=","os8NOKBJEQFlHn10ESR5aSRcvrbR2D2N4lekXl6L3MY=","5ParI8YzdNOYIE/Y5hAV1HlzB9Ca1KSMV5FJFt8LSTU=","ht1SdPPi1n7g36F2/xweuq9py2Ow+dnJUEU221swHSU=","zK0h8pwM0K5UbAtzbhieZEP895Hv4NRlKeC6bE3y3JE=","Ya+WdfSLFZ2NCUY4fYAG/TwLVDHImpS1P4uxLw1lq5w=","jlkZn7KJwoMbXNOmfXxJzp/Pmi4uzSJ9EnIkIzc+dsY=","BMto8uVW1kzzBoFYYygW9D7dKiObRXHuGkYYgqDfS/M=","IlkSc9zfGe1Na07bk9/kB56L+guvh+X6STEePyVdMHk=","bWWMBEG9sqbx6aQ0BVEXsDC2YDXD4HJNUbGv3QtUOds=","tZmVCtoWwPx7WQR2y+N+ygRCER2FEF8j0uHbXPk3vew=","wn8lVD8VzCwGtJ95O52dAExPPrBthCfl9hjGfe7IJY4=","tHRZKzNteqM7TII4dR+NSdZottoNGEwQa67hoHHsvQs=","2nIQoEcxITklbVmjotzdHhhFZ0XiGz1IR96SsQIeEDw=","qmmZ+2IJ/G00u3on4e9Jd2HqsUeFJnkCrjKYsxT7Osw=","QU5ZJJ+RF5bwDWGEbYwrFi39d1CbSIRwVj6Z0lZdRpg=","/a17G8yr9A4s/4aG2fcXdjDzIneOUu921azbgOBci+4=","zNnogdb5ONtWuiP5omaAvCE/87Yh9uKxenTUtYH8sDc=","/hwdZorsyJE2w2UYeTRb2Z82S1C0PDbe1MicIEKVrNU=","OvivDDPuHeeuaw5iwr52K5RoKHxkKvQ1fATkIwKHu9U=","MLO3aaJX++YjS93m0dOWkIqDv+b9anvA+saghXi5ido=","p15QXY8n/oUhVDWE36xoyCmB6mXoemVQ6/DAAsLdMx4=","75H2ON7s5FV5Lplz1a3lntnIpKlVt2k1a6OExiQOVMw=","BDxX94GNlmwbv2CSYDLIUPUoAb+t5Lgl5Ed/deJU224=","G7V1sjxDeRZ6cUBwS+hfyjhtVx+Yb4Sc8fcWzCYGFMk=","kYWw6xKAgry6ez2QVGE9tuwes9gSNu2gCMSvGAmzLFY=","mgxlc7oy91vIy2f2b0ea6lwU5Fl7UUI1Mm+zUsAdzDE=","aOIopF43SudkF/jNZLtsJhy5JRiHOGC5G/FD0ZwK3OM=","4P3jUKLQqifm2+G9TejH7Z7fNB619U7t8bg2v3pWnZ0=","/nU8outI44itrY5UhrAf5gh4Di2ogskoZt3xJ8tGtDo=","pyytiooPAO/Tp8NFLl0lE9OIZ476giphqGtB7Ge7I6c=","4KMyvHSi/7ecY7CbkgIJs2mxhn7hmp7bLRM59BO9I1s=","F/FmQtajhWiMWyU3UIr5vysT9k3qQJWoiWQCOlEkwgk=","Wj5+2zbBhs9sakAmDqp5hq+mTv82zqqA/k30k3JNqTw=","7caLX/poDzCsdtIi1f9qcblin+4KaNdab0Oz7toRqF8=","o6h+JErh3h9DHinVa0FgprJJKzYAxrbIIch1Tc6rlnY=","IGje18ghQNloWnFu6DP4PcU0rQGWQjVe/AiSwpZSJp8=","JCSwVVBoqLjmerWhU52JOxsNZAiyy7+Gpsb+WEnbgGk=","8jBbDLr47HESc+qq2hkwYPYelKSnPeX+H/oeh14Vqc0=","4j2hy88s9nurNIHje6O7GpvYgR95RZuKkyDewTnk7K4=","GVlcNzG2/D/nnuuAFP/BLkeBG803CUlmwK21HmvvgAE=","ux+3G9d7CCRU45c2TRXM5DFeGKb6eJXYizATLymMiAM=","xPaZC07MEXTkDBggQGqjao0Ayx+sscTvwJd6D/drUng=","wBV1eIcl2t+pXGSiFlP7Xc6ss+pDqBQr4b1QAwscsw0=","3BYlfzOKg72LCnZW0a3mYO0hN0qkqrbDjszchCKIe5I=","hTCvwVlvaJkOyaLz80m1VfR9zvxMdm6onfT6UOzSkss=","rXGma7XQnGg3uNWatlQHKySbsq1BxKRWBT7/7jSTk2c=","2PYnxUAkQBg+nk0fwwvgAZiWY+uhVuE5c1G7iE2sdsM=","4ZBDToGshY4fn35P5La376ZHv8Rcj4OKW0/XZ1JpnfA=","YT+p5MSNLl+mx84KOQISoyBX8+grtG2goA3xOn1tLfs=","xICkOQcCbdU24d/1YraoTPEJuQFlU848vmFY7BATIPQ=","nm6o0mGPra/eZorgbDXwstLl+zl0R3pI7sImfg1wz5M=","Xpa6yVReijKSTGVflf4xWMoy1Bgi3QLKuF6BvVMXU7Y=","dFMIJZ7YN6wjQ2GwXLafTrecxED0FLPNXV/iZJdKzc4=","S25NE5QoMzdhQZywwSpEcDfXX+1/rOZE9liwqRQaXs8=","/6dCQE7fVr1XXoFlNj5PeixDLxJK4ry6wgN3G4bN6Q4=","oTtKOOVZssox9PA14h2KcPS10z6ujNybRfYKoqDoWgI=","5gIdsErEJRtH51sK7bpNHWYCY97Vbnvn0gZ5K3b0nT8=","1df+4T5zI+RpWoBUzjQMVRH59I2N+qFHGPqQlCo/ACA=","+B/TP2+zYDGdjnjx0IhxB9KQNEz75PTJ4Q6KA2ZQYjo=","Pj0aWtTwKoUOompT/QO/33AWwn2aL41zVQZ7iJ1VpO0=","FwFy2FvhjsuCXNVXNRAUON2QPXZZGWZZ1dG2WJGwjN4=","3TasKFpIb5vwfhjYyHstkiM+6a3auCjUAwEUozezO2g=","SEl6kWQvI8a9ZiMAqtMtaOnRO6zNdn/CCc50iACVErE=","FLV1orvSSBwZM3Kc0hskLaj9VEntTjTwmtMpApY7uco=","/nFSUMjB8hSM2+qOWLf9NNJP7idY5GT88MAvlBWMxFU=","6oIBHyoHk/mVtcWPHfleuoCZgz71EQRm3S7aW/QCTbE=","BO8Ne4eCmKazY5cFluGeeqpXfqxnmBy1TK445upjNR0=","mGZGILdWboQWWyP7ru22hXk16I9MqKyQKrI5tmdNoBQ=","UNkmVRXKTwbVnnI8+hNbawQzZeM/ZWYa1mLjq8YPK1o=","sSAZfwi+m16biyvChQVN+SXdfVXAvKVkdZGUHSwmapk=","3cAv6Kv5DbcHCPf4FvfeJjwzewNukktWl5Qa0nv7xcA=","WnD0CvASoYVcLz8zQtWdldj/j3d+LuqyTdyD6DDnsGA=","j7ghFcvcW2fPPYYFnlRCeTFc/U3FTo2KdORVLvYR3+E=","EBSTweV6bv/RkgjhbVn386i8+yNVkXcWw1KvqZamZSg=","uywQPEdvv31+V7F8UnQdt7rjlY4EgabOQvhfA8+6JNM=","EDBFfQ+WCPQMwU0EQJTMtf3XxLtBiWxQVMQe8LQCErw=","c0xy9S4878vOkoQTvvBwEZ9Gsn9V0Ba0qgaQgTcugIw=","3e2APDxLX2RM8T5G66I7tnJ3JWRUMvwg0PNZd0lQb0g=","KuVHrC/2dbCMuPNZ1wEZ2ut5xR/XivgIb5X6NHIID9A=","YlDisZqRcxGjRZ4lPo5Yf4LOQ+6UG/vYQtvB5GzQpEY=","+mpBo9yiqDo7IYaxrVbxxHlYf/RXSmb/Pm0F37A+UyM=","uA+pMYuWTOIpFWZN+EgVUa5sPOqkm9wXOtkcTthmdBU=","b/uiJUhBv5lG/ZR5Si2/+sqb4aKvjSUBAN+YlYdA5Ns=","LSV4xL8Ne6RdnEe1iH4iag6VFPEM2rf9lwCMvPZsBHQ=","O9d1GHtehtzPX3O6NgDMnhShAqe25poHNUM4IvS3RPs=","8sUJmfFaUVsdYhHcusbOvZu51/5SqVeMeOifu8gUSJw=","/rEYIp+65mzLeBCsYtqZ2/Es3Rk44CGoS2MZcGrkaRQ=","GAj11M7sm+zXs8s4XH/WkyvIxmVnq/8U88Zv/LRkbUY=","bhpYGSBsawExtQXEbeFycPtpw7bTZVeKEXWwgvesL9w=","rVPWPY6w3Z/qqFR4s4ZuUCADRuaQV7ToauZxkS69G+E=","3ByqhGsK41RfAV85uvMYFk4fMjT5EqzZXpaDNH55RLg=","fYOXeo6tU6EqxyacPhRZOxGEIGlCpg9nl2P3V82RVaQ=","9Lw1522ASkaQbZz31NAPU/Jl5Al3sQkhuw1kPjGVlU8=","wV3jQG/LOKog2TPGUNsCPqomGlTlSXQRhnqscdjral8=","3Vi3X+xL3pruBoOeldWnvlAuaXYVXHdhwZi67L57OtQ=","DsC0KOcPpvIEIhVxYoZcof8I8Jxgc8JMML4SISrtKRk=","kfJOFAfMvLW6F/3/S5GGtcbDIPHuEnSIn8m5wedlWAc=","dGCjlzZD3rREcveJ6EbCqe8pfaw1EFIF/MeDhvP2Y3I=","krxl+tML442iLdEYw6J8NqXI0jh0DUqzl/hGzKJaJrU=","77Swpgm9UXh83R8k/62g0uMpLPz+el8uSs6CiDRxMv8=","om5ERSgW9AchMV0g7oDDkjVU2XLW9QiH2t+Y4iv4wco=","1jhUbP5ms9SUUsWHfKQHgJGKEfvWrXgq/tA0bjRitgU=","Gg0+Ue3is4w5MNEapne/+7gQMjKorF44OtnILRy2nqo=","g+g31KziFcgIYfeJd00H4C3/bJxOdbCLUePvHZRAXGM=","nDFBVnj/sp/uUKNGTqdi/UzLP2lLpRpic5SOGit0wAY=","QWb+l86RtQiubmwnljw9EVbEG1vgE3zgVddNNbqgO6s=","UtsNptHyiCBebQH+8310zHjmni4TaGIFB24xDY9icT0=","kgwAeNFdITu1GzzLCJ3TqG3hvpBibL0x+IhTJJSwdG4=","lP7PQ/+q+7RgjKaGuURdxQLP44hxVK9B71KNxA8XmCg=","C8N1NJd0fe5FUi/jqgE4zRYO8T/kPkP9ujy9nlrj2lo=","TemFulW7vJhyh7D4uUHC3wU+EK9L/OooG63ViWRdt8Q=","643cE3Yg0xlEGOS7FsAuhMrqBWrHCNeTrFK05UN9w4M=","vYi5wy02g+vg+o58vQp0tnF8zVv6XbV3mo7pQILjEeo=","FEeG/JlE0KyG/rwMwYfFAhN8CFuEOhL2lgDccPqd6Eg=","0/MVq9WLUZ8ZgrNzJJUlooD5kUOOf549yTwRSOMatNM=","xMfEUlZCjXura7/Ny8TQ2gsTQQuRN2y5nD2QCwOyXOI=","1Le/jDgU1uf1wJxGtn2uO8wlztnvqjd9xeubtuJyABc=","5E7LYDHvKT1GImveStlO2g9Ll0tcfqo+pRYPZCsMSu0=","z7HbQueQtPubcAMjfVEY3guPEecRBNXC/32vm6J8JJ8=","ObAvtcqr94VBLOsmXweyIFyzfsPoClL55DHur/SglHc=","Zk6UZlvlSZQ5rkBqoIVcwml0pa0+qen/aIIgP4ntq1Y=","C75n4hn2dl5KpMdnwwFBUQXXsQxkcS+WDRMBICGGyxQ=","xZ1mNkd8fQ4sfqyqbbOnSJi2nZou9zquTUILW2xrbCw=","3wUa5LaFL90SCa/j7AqEyIHPGTr0KFYjPkkcO4rszf8="],"block_size":4096,"path":"js/popup/popupBundle.min.js"},{"block_hashes":["Ul5b71yN05fT9DvceaAmiN/fuejResbrMmo6Ewi1mbU="],"block_size":4096,"path":"popup.html"}],"version":2}