{"file_hashes":[{"block_hashes":["gTagPQEnmq71qzVfRlOZGGeeXDdz0gvXblyZJP3Go4k=","qduyvHEclKoKNVVbhLdsPB+8jUTjeyBt5pAswhIED4g="],"block_size":4096,"path":"eventPage.bundle.js"},{"block_hashes":["5f9W8ghzdSt76dLEx1HlGDrvRbLygLu5YSQOFJhDC6A=","rW3SI4/1SxrqXozhjYTn1525FelCzX74EGU6qZJVR84="],"block_size":4096,"path":"images/enabled.png"},{"block_hashes":["95qTCfndTvLF5M9Ell7Th35eBHBmoWStWp0Ej2BlmqY=","9ENRu5WTYhftXnmWZcovGCahdACR7EZqpKX9KeJ22/w=","FppwMmk4n7sJfp7r6MXgBKbUrueBoe6UKvXblCJpxug=","FAMeaeR825NlnnbO6BEnzciQKt+pUx+ATA5mT4u2R8g=","2YSURcfTonuI5W3RlmXo6bVD1SheMNewssE+Ka/rjUQ=","mtFkvVRQ7gdGep32lVUAsVCx4iRuBxZ1fT0l+5eylZI=","ugvvJN3ltjOeISrrcmAaJRCMwkd7nN3hENNR8hiWwwA=","kGSbjUV3gt6GvqoIfWKE07rcJtNiW1Tj2CKFrmtzjZ8=","+VFq3+QawuGWFQq4MKS3OjU/V9cRwncnz0t7CLfxz68=","imLaAwM6a5g/i9TXQucCOc9cO3AW3OdV7WQDDxadvkQ=","HVzdgmIrxblS0vTERBGAMd5kAU6cZE0PMYRqRBrjud4=","QEF90ljJuGwARpnObjcuwEJ5V/yflj3WwiAixLozFmI=","BB1R3mShPI+HUQJse/1kQpG/GXeWTVSqwcnEEyc2OOM=","ewtRxCoNLgl0nhSs+l60Bg1a/bq+WXYQRd1Rsh/9Wy0=","MPCFe2znfR72pRa8kbNCx78FaAQfjOV13tQh3EU9LT4=","epSzgLOXSIiRWRFvTQHmKVBA3Guw1RIo19m6lnuQWWQ=","q61ZHETMdRV8nhHRg9airxOfwKvbdB6s1qSEzsUB7do=","1S4YxuAhZKJuAa0BJC1lF0bkaWe+Hd5wD1Zae190Pw4=","TjVbjB9b+tfchDJycWSxdTLLk5FOH7qUEU9iY+wkb54=","5yNI9SozpEi14a2MxPdJ/1UYdy023sjg8cxkH3+R8sU=","hZWEbyTc8bc87Pl//sifCWZhFstlOG3D1qrMhN8zIv4=","QdMMMU6B1xCPfdNs+rpovzmoUsy3tF4zy+qScZRtV+o=","ZT/qHkj/w1QUVvwUaYovv5C9gWLFq0xdqNlVT3S9E00=","TSsrbVmcfeLR9jX/y22bm5uEeC0EzViwNDjoHdC9sg4=","x0bo2ByIeStheGUYvMAspwp1+fJ3aknxJlozpyYW/Kk=","rZZF6mRE0ggu2rZkWhEAX+OWSVcyKh1Yp85CF74j2Zk=","pg9hD2BuX+3feNzEVZZ+jM6CtXn4yMw+CW3cFO7lZU8=","9UnHoIMOg27TStDORUowCdrH/BiJTmfrg2XzvMQnANg=","5h2N20oNTLlfPRy5HyZP73l6qLOBfzbY8+/hQbRhNdo=","upEm9+1JmJF+duWd5BrnjXs8EUv6vhsYS1+Y5b12sj4=","JyOCSrh618urfKj4CnzWU1yEQCrz/YtLx3s+Qs1Gt7Q=","de2lNQfJn7jOLT9DJYv2oz6I/voxm4xCqfIdcPSwWfc=","r+81Mx0FMeU2+1LtttMM18X5ZtFCBx/NSslkfXiScKk=","Ag+OxClGW2oCDyAe94kN9ouWWgKak/VnPtUTT2/Cjr8=","qnka7nfsZvlB7Wy1jLWDVFkdtGBi6U3kAEyW/cbsvXs=","cUIMX6U858SVv9lyhHlldp1dsuXc55J2GM5nVKART1w=","isWIpPGZzfP7zMIRy/7eJ2KfdStSMHKldHDPPmaf0qY=","9hipRhCLeUowbIGBQqZ5S7RF39yEAMBA+BnTqZqddR8=","VakQG+bSXNJX2gyCPp6kqMDWaPlFHFelIz32U7zkEzE=","GUbNi/uTG2Rdsd2iCGlrhSxtBg8+b8iupSG+hVS+yv8=","m31twhUXY/NxXQLBl+XQBCFrkpeyO3MYRxwYdYtZn3k=","YGSmmSgwPRfPRkSu5XN+k+M83xt1zy6rxs7gnH7Jagc=","rWkQ5XZkEQ+/VobPxNtAv+TFHqI0GAVARlKfLpbrv+M=","cU4VV1Dz/tIK4L+pjP5NVIko2BCrRSqifMHHzxsEvkY=","wHHOuR3e/qzbsIEpYs1vqzFk1l4yRpS0h0qq90tWFP8=","9sDgNK8WipbDYQUvqwudePCvdBjB5HmIBI/eDkw2JVc=","bQEe27uZ1Y7tffI5ga0mRuoNZvGs2vqpB5LvQJrJ66A=","d/dnASdKj5oGTiqYO0jQHnoVYgV5IvIT2AcimFfOdLs=","wYUY3f19sDj1wzsf8KlPHV1ugEpxb5HBvKXqz3gOxtw=","WXVmIG8uH+AW9G9/Z1qJf05OEyDs0AVms3rj+9O2P4w=","kI4VVbmgvj5epQQeaBcrPh8bOqH1WnNMALHad6isYa0=","O6VbJJJZizFWNaYC1135cUSbfigTCG1LFiqgta8Vig0=","G2AppVw0PhRUkIZ/aX8feXEp4H/PVe6Uq0mWKTLb9Iw=","pQ9YRno/Ys7mvGxXjy1w4tTKhkEnunZTfJWWOi1bpRY=","4tm4nsUFxhGMsu+p86sDpv/VoCmqbvib5V+JZPcdyPM=","hk4Io/G0VpyKL1qiYx/m5iJvhQZce4aC5I85ipvwfhQ=","o93t737bxBP3688FpKvLxvMItn84P5gfFl0mMBr3Zw8=","+joRCQqoZGo6RM5YJpzA7ZiKBO7pr7yUrek28lMXfgY=","SDwnPTSJZoqawXJJH8JtixZcwwkXib3nMEynTQsu9E0=","XrLZBYXvi2TyNmBQiySCbTkszV4FtE2hbUfAbI2cH1k=","6p2gLdoG7Wdfe3r+EZMGUSuMGse91rD+jVuNRH+kXJY=","CTRFp4TqJlmIyKQgalP6o7Yr73mfC0uCwBoI7KhKQys=","zifJ0Clx0fHiMV/MZxCNzF3q7xAhIc0oRB1y/ma99dc=","lELrWxK5h3JsMTCVv9HFQEu0y2gPAkXg9dG0pxrsK8g=","T9Ean3QLfBMS4qf5qaYqSg9+SjHjX9+3D+yY76x3MG4=","KO8zqbjnPcfhhgLcvm9cHyzUoa/4vfhyyJuYt27WOd4=","jP9Pt+3XC/3hIu7ePPewxTnaN403ay4UfYWSVHdiDJs=","CHzE/aw0VN7rCmAuYguuqUmNKm/DQT9lkVAAmvToEaU=","Kd9Dueq5W2HdD/08nMcCiPa2dCqh8HvHC5YSC5exJrA=","JZki7lMQdBTA67aGl1WLjNwzq/YWszJGN/WbxGF08qw=","dz+piNDAKwZKMPAKT6aM4F975TISzsuiieQP03hW4Qs=","xj0WVoOb1/q5cF4Ihee2sFg3nXwiipsAi/c8zucySjQ=","EI5f7co8UvOdNUADhPcPh2ydoTH98DtEI3WvSvgew00=","RMqT3UcRRF1nhiRXJTZ4urLSQVuR24mKTijWhUmh0+I=","pS610rYe7RaX9GC8X1fu360mNQcPNs96Hj9xff+5UvM=","Dd2Bfu7TXv9cH4MOM8bl3yi2L4knqPG4ZJliBXMCIdQ=","0Mgg2ImKAgo8x0wJ9qxeg+O7q8z9oqB9mcwRV+mBvro=","S7sd3yvIL7RQGSnqQF8eXE21XwrsryxnKrYUv5JXgyA=","hUs44i1J19uJAb0xp+wcQ3oBxQeae0QQJ1TUAxeYaj4=","Cz61Xn4qR/Vs5CTsXpUTTQau1kkwV93dpXrAOuwx6Sk=","hOHMhkg284lFAr25yt2pEZu8uffQsLXElewCarSpkI0=","JLpg9lq+MN37muHYC2QQVOE8FbAYNcm5wJs6vUEYUH4=","4TmUwCf4WqaBUNTRvz3qFEXVml6ywqslXUUTGW/cKOY=","+cIcugGjB8Ar2Nb+55vVmyT6rBQ5YMwV6Nq4tM+uaYg=","leu1d0EGdFw/8cfAkP0zCupP8bmnER5/1j+uaWZLkKQ=","jjxADdyu44I53Eal0X7M3hEMSGa0POLtQLpfyZ8e8Hk=","0NttTcRCHaB3AYdjhyIFQjsARtsgDbW2+UryJxr7RkQ=","86EHUCOC1QRU/IWvAz1DOHXCSZ3M8ryHUyZR9GdzvjQ=","vGKIgjvQl/d3WQ/Tce3OjKvIrzbnSQuBiTpIqW/vs74=","epCykNbAL2GYLjmS5hxTQkkf1qkWFM1zi7Evdglgwyo=","2O97SvwnBNPjZSl4VcJVdmrZXelS6bTmPNMNIUQOAXc=","ulHNDv5utZZWuQt6C4MhaeAptnQ6dra9bBFjq5CvI7o=","bXN6YLuZV2sLTYLaHeZCjjwgIb83BO7LtCC3LMmxNa0=","RWMPPn7rSmTCI6Uwxqywu3U6jFfRQEGXwwDsXRM5ZzU=","BNV7LVEXtL8Cr/S3mVTTPh7mBN5AV5Jb1QNaqe1j/Iw=","hS62tQGeHXyOC/7km55Uo0JaohYZyhCZaov5PI6oFFo=","/iiNTfoDvNPAewErlduEO+AL2M01MZMDP+cXWseOrRs=","BpI973Be/TxhB9gf8H+Of4gOUsN2d/Zmy9xej24aR2s=","Zgr8SgJaUpfjBD+qMVgzSqyHI2JceV4Wc8uHmcJvyGQ=","BZbmPKWpiOjhBs61GXZ5o0okkQ442z8i3jSTVUADFPM=","GqZrTm4MY6nsnU8+bKUdLjznKedbghF00FLBGTySj4Y=","IaIAHutkdT+8jQ1et0MYTHhfj0fhn2BcYEqpOe9DB4g=","ilDTkjMdtdJ2827sdzeEHwodyREwmsRn49DmbG8tri8=","qqyw74lYHBj+ieKjwBuwDPFb3vZmVfHQnyIF73EHopQ=","mSguk/0j2Xz48v+kjSQ8z34VFLOdmDM3D5b7IwTO/ug=","MiNC57Ls6Qr4Nh/JFgmj1s3IXl3KN93kDA30FJsHcN4=","hP6/sTay9yxE9soxprDK+wR2ocXj3Fvco2D5dOpw6kc=","mACt5QV3hxyTy8aAVo7kMf/jYdVvRgNk9KKTI2vl+6g=","WUN0P3YhoaulpO8e5ljLooJRthRNRz2HOjc3zanQJWU=","TBVXt/j70kpiocGDYPGVrzvWWof11H38je9ac34MqyI=","Sbnk7JAgCKvlYT4ghSlXS2TpwQHqy0vBnATgkLuE0J8=","T4USSkN8QJ+880XW0BJEZw32yyiYW/kcwoRsScIwy0A=","GKXxJZiAZYhkG0vd/mShsyYhziiVUXtIPwPEOlOqoVY=","4s2QlhWOuw5K43dI88xPad9OfJCHDyzNDcfaOu+wQbU=","1UKLW/BrjpcZf5SKqK9yWMgxgAys0t2UOFY0yJNMqQo=","8AakGfoCH0SQxBXcnCDFfJOgUiO6JyAMsTHe/EHVWyY=","5MBPtCNu3kX3g8CguEQZ7nV7M55oPJkcE1/aJED1iBE=","ld69fGw4p/nmC0aSPJr1MNfKJ6qB5kPe5YsKBzdCtx4=","Kj7QACRKEm/FZ7u5UKhHCQO5ycZTn+6eXgA9TY7hV2k=","D1115ExJ5Nztm0KA25JRNh0CdSJfStATtiKHW9h2jxc=","ApYb8Nez3JUHpduU7vNcwht5diVYLMa0+vcpaLuizac=","DMjyiseEVbVX1KhFSWZHAuauN2ztmtCEepaowsUukVM=","ot7o5KIarPgLWe4jMRZQE0M9h6QXk5vtijF7nPG6yiM=","WVimjaeziXI8ZzYfGYp9GAyf5UZixCbqOVjmyXaIKi0=","FOavFhM4uxYFRlyId3G2nYryhTqDJb+E/Xyv+IqH3wQ=","8lKPJG85Ef8FBF1f/YYbfTo3mvaew98rT3NefhTNzZ0=","RtIe005aZHSPClLt29DPUIhmzIj8qPsEWRFjpsr/YE4=","hkXG7AfMdtXhZHBl5Zx8l9GX9J+wx5zpGlmOc7memlc=","pyJjAjQhS/k7SBpg7vPms9/U/7eimL814TU9PeSEOiU=","h0f89zZTsrCqU5SL4+1Gx/5pFzLkEBPOpY28q3MbZ3U=","CGmJ4zCc2BiP9lFmnMGJYa/tjdseG2ptqFYpv5YvAcM=","hVkQy0N2NNSkJgZsakCxPQsyNFVn41SRIBn8IDvSdw4=","5jE0Tphwb3Jz4ymx62VqHUw45pIZw1+FeN2LnBiBwRo=","ZTd8nhDai4RSy+JJGHjkWr5cw2TOyIOihT+0TG67N9U=","p/Wocv7XmjpW6XINKqsFLgRuutPzTxw9KMdJMLX42wY=","qj3z7oBxLDYOfgGwW3q+b0duLiCfK7sQ7bacnYhBkzw=","GI2FDKE3CPthsAIIM2vH4m200s+/BpBf3Jc9nvF6DtY=","ZH9auwpy6QbYKQ5gvWEOZBh7jW3VbXxODuje76GCLkI=","AJmkH538/EZZSsADI7+JGhJDgrxqfGyDXTtg4+AWSYw=","8KbI59c4PDNH2p5ZUCetGF9FUWhF5+O8ykhHLHy4Hvo=","B6zg4PZoTelcDW3BMEXHOr7M/WxV+/DZWok/86mPG9k=","8wd8k2IR9uJVDfY/1io2oxudwbW4epCKfXP07p2HAO8=","UZ7MpOMYr4Xz+e2mP9MTRchASgN2cf30ZbSlZ9wH3CQ=","/MTroB2r04wRq5nfxf0G0TcvLGO8VlSRWLbipSeJ+4M=","4VC47PCgvxRY/rRvZCWlsN3C5xyoaNYlRXHt3eU+CiY=","Ek/FqXOyS13FmmX1aCtMcIxa7HGwaMi1XrOaNVHtYTA=","wjrfe6Gk1yVKXFP3A+85KIpTjcokfCPPbz1dqTYfVqg=","/N9YIRgJJpoh7XTd+fF9zXqPJanI+3mSaAhLgIzarNU=","eYUTdYk8iUkbTeTbOpBt1aMu3WyV2/nKanwsE8tpneE=","P9CoZlY9Rt6jWB2/ej1n5cqLVf6z2jEa+RQmzaNxNZo=","EYmciaS6H8vcPmW6up4XzjeNUfgtzJeUCl8wur6ZPp0=","8aIaP7f6OnbLf9Tkx+znaxqARbRsGfkbJN1Lv9moXd8=","Xsm+Qxpo4yceN771/fZWNsBL3GRrfSLJUoNAcE+zFcc=","fAu4zji7UigEe7fVfcUnxfAtuES+JTUhEvY9DgKZiFI=","R/lmLWV1yIC1CKRZUhFQkJy2nbbQhfBc+djblSU4dpA=","CdR7VMssfdZQwnf0Amkfga2us0/V1rXV8604BjMapT8=","taoNWJiv6jthE0e9Uj7Bedi4Ij2oF3DS1uUqCNg4fYc=","Z3I3u/nwMI8qLdcUmErXZs2tI0XPkjCnhZN3fVMgon8=","+ZBFb8JDrgKPyJVa4nDWAVEEHtGXCHotLm3510OkK0k=","v5PpW9NTgbkoqSbFmafrX37Ir8rPWpEEH7hQdCAyq+Y=","WJxMZXwS03zTYMAiCPNNi4qOr6cZTal4B6M3RJqpHWE=","8RkecxVLafPc/wuKi7opHBHWEYbbiZJM7hKf/RjTYFE="],"block_size":4096,"path":"options.bundle.js"},{"block_hashes":["XVk5fGOVVZU/NLi+1jIdcssAL7dGy5fpgMy6GXyoqWc="],"block_size":4096,"path":"options.html"},{"block_hashes":["OAvwgrQ+wCZyB/9VLR2isEWHRJvYXvdGnwHzRhuvx34=","iDl89jBLifiWBfBCREZ2voQU4KkzWMsP/mXRG3HXnSQ=","7RNCnFkjOzbKVomaM8gPw55YKehV7Cv0FljX3f5S9xA=","UwleoOgmOLo/JctcTNV9ffBNTk+eghTr++1VoNjQ0H0=","HROw97iuvpga5muVGRVqj0LjawSFhCvSC2aS1oOH2Gw=","vmtzaqyZ+TOBvN8aMdygFJj28n71iBu+zTwDF9xZKYE=","NF/018QCX3X3f2E6iUnYbrmAqf5amACm3gSJnv8VwT0=","yMF6SBcga63SSzu9BlOvfZUpL4Owy6AlwbNQO3cZshs=","fPx4EkynTv3r2yUpIb9538Pp23Vl2djAQzdMXAGwyOw=","K5+5kM/C3yrbBWGT24Ubor3N3DVAmOHZVEFl8R/KSXY=","7M7+GsSeuek8oOgAa4W8n0HVj9VsGO2IUhR+aJd5aPk=","jctPvrYCoY18EL2uDnw5kqP9TRWfUc0ngyVDjTzAwr0=","BB1R3mShPI+HUQJse/1kQpG/GXeWTVSqwcnEEyc2OOM=","H3bV1HCv9SIeCoiSci1rpH4A14rW5dl0yxcZPckxLxM=","SNxpsa0ZUtWJKVXBZNFTlnmAnEgsIFt8RJSyuE8gHCI=","8NBPWFjZYBuPh97s6lqLKw6xYvu3+x4kU7dcDsthB/k=","q61ZHETMdRV8nhHRg9airxOfwKvbdB6s1qSEzsUB7do=","1S4YxuAhZKJuAa0BJC1lF0bkaWe+Hd5wD1Zae190Pw4=","TjVbjB9b+tfchDJycWSxdTLLk5FOH7qUEU9iY+wkb54=","5yNI9SozpEi14a2MxPdJ/1UYdy023sjg8cxkH3+R8sU=","hZWEbyTc8bc87Pl//sifCWZhFstlOG3D1qrMhN8zIv4=","QdMMMU6B1xCPfdNs+rpovzmoUsy3tF4zy+qScZRtV+o=","ZT/qHkj/w1QUVvwUaYovv5C9gWLFq0xdqNlVT3S9E00=","TSsrbVmcfeLR9jX/y22bm5uEeC0EzViwNDjoHdC9sg4=","x0bo2ByIeStheGUYvMAspwp1+fJ3aknxJlozpyYW/Kk=","rZZF6mRE0ggu2rZkWhEAX+OWSVcyKh1Yp85CF74j2Zk=","pg9hD2BuX+3feNzEVZZ+jM6CtXn4yMw+CW3cFO7lZU8=","9UnHoIMOg27TStDORUowCdrH/BiJTmfrg2XzvMQnANg=","5h2N20oNTLlfPRy5HyZP73l6qLOBfzbY8+/hQbRhNdo=","upEm9+1JmJF+duWd5BrnjXs8EUv6vhsYS1+Y5b12sj4=","JyOCSrh618urfKj4CnzWU1yEQCrz/YtLx3s+Qs1Gt7Q=","de2lNQfJn7jOLT9DJYv2oz6I/voxm4xCqfIdcPSwWfc=","r+81Mx0FMeU2+1LtttMM18X5ZtFCBx/NSslkfXiScKk=","Ag+OxClGW2oCDyAe94kN9ouWWgKak/VnPtUTT2/Cjr8=","qnka7nfsZvlB7Wy1jLWDVFkdtGBi6U3kAEyW/cbsvXs=","cUIMX6U858SVv9lyhHlldp1dsuXc55J2GM5nVKART1w=","isWIpPGZzfP7zMIRy/7eJ2KfdStSMHKldHDPPmaf0qY=","9hipRhCLeUowbIGBQqZ5S7RF39yEAMBA+BnTqZqddR8=","VakQG+bSXNJX2gyCPp6kqMDWaPlFHFelIz32U7zkEzE=","GUbNi/uTG2Rdsd2iCGlrhSxtBg8+b8iupSG+hVS+yv8=","m31twhUXY/NxXQLBl+XQBCFrkpeyO3MYRxwYdYtZn3k=","EWpetrOy5Z8peHLmJ1ZU6cx/8tNPms5bLn1XEijUvFw=","rWkQ5XZkEQ+/VobPxNtAv+TFHqI0GAVARlKfLpbrv+M=","cU4VV1Dz/tIK4L+pjP5NVIko2BCrRSqifMHHzxsEvkY=","wHHOuR3e/qzbsIEpYs1vqzFk1l4yRpS0h0qq90tWFP8=","9sDgNK8WipbDYQUvqwudePCvdBjB5HmIBI/eDkw2JVc=","bQEe27uZ1Y7tffI5ga0mRuoNZvGs2vqpB5LvQJrJ66A=","d/dnASdKj5oGTiqYO0jQHnoVYgV5IvIT2AcimFfOdLs=","wYUY3f19sDj1wzsf8KlPHV1ugEpxb5HBvKXqz3gOxtw=","WXVmIG8uH+AW9G9/Z1qJf05OEyDs0AVms3rj+9O2P4w=","kI4VVbmgvj5epQQeaBcrPh8bOqH1WnNMALHad6isYa0=","O6VbJJJZizFWNaYC1135cUSbfigTCG1LFiqgta8Vig0=","G2AppVw0PhRUkIZ/aX8feXEp4H/PVe6Uq0mWKTLb9Iw=","pQ9YRno/Ys7mvGxXjy1w4tTKhkEnunZTfJWWOi1bpRY=","4tm4nsUFxhGMsu+p86sDpv/VoCmqbvib5V+JZPcdyPM=","hk4Io/G0VpyKL1qiYx/m5iJvhQZce4aC5I85ipvwfhQ=","o93t737bxBP3688FpKvLxvMItn84P5gfFl0mMBr3Zw8=","+joRCQqoZGo6RM5YJpzA7ZiKBO7pr7yUrek28lMXfgY=","SDwnPTSJZoqawXJJH8JtixZcwwkXib3nMEynTQsu9E0=","XrLZBYXvi2TyNmBQiySCbTkszV4FtE2hbUfAbI2cH1k=","6p2gLdoG7Wdfe3r+EZMGUSuMGse91rD+jVuNRH+kXJY=","CTRFp4TqJlmIyKQgalP6o7Yr73mfC0uCwBoI7KhKQys=","zifJ0Clx0fHiMV/MZxCNzF3q7xAhIc0oRB1y/ma99dc=","lELrWxK5h3JsMTCVv9HFQEu0y2gPAkXg9dG0pxrsK8g=","T9Ean3QLfBMS4qf5qaYqSg9+SjHjX9+3D+yY76x3MG4=","KO8zqbjnPcfhhgLcvm9cHyzUoa/4vfhyyJuYt27WOd4=","jP9Pt+3XC/3hIu7ePPewxTnaN403ay4UfYWSVHdiDJs=","CHzE/aw0VN7rCmAuYguuqUmNKm/DQT9lkVAAmvToEaU=","Kd9Dueq5W2HdD/08nMcCiPa2dCqh8HvHC5YSC5exJrA=","JZki7lMQdBTA67aGl1WLjNwzq/YWszJGN/WbxGF08qw=","dz+piNDAKwZKMPAKT6aM4F975TISzsuiieQP03hW4Qs=","xj0WVoOb1/q5cF4Ihee2sFg3nXwiipsAi/c8zucySjQ=","EI5f7co8UvOdNUADhPcPh2ydoTH98DtEI3WvSvgew00=","RMqT3UcRRF1nhiRXJTZ4urLSQVuR24mKTijWhUmh0+I=","pS610rYe7RaX9GC8X1fu360mNQcPNs96Hj9xff+5UvM=","Dd2Bfu7TXv9cH4MOM8bl3yi2L4knqPG4ZJliBXMCIdQ=","0Mgg2ImKAgo8x0wJ9qxeg+O7q8z9oqB9mcwRV+mBvro=","S7sd3yvIL7RQGSnqQF8eXE21XwrsryxnKrYUv5JXgyA=","hUs44i1J19uJAb0xp+wcQ3oBxQeae0QQJ1TUAxeYaj4=","Cz61Xn4qR/Vs5CTsXpUTTQau1kkwV93dpXrAOuwx6Sk=","hOHMhkg284lFAr25yt2pEZu8uffQsLXElewCarSpkI0=","JLpg9lq+MN37muHYC2QQVOE8FbAYNcm5wJs6vUEYUH4=","4TmUwCf4WqaBUNTRvz3qFEXVml6ywqslXUUTGW/cKOY=","+cIcugGjB8Ar2Nb+55vVmyT6rBQ5YMwV6Nq4tM+uaYg=","leu1d0EGdFw/8cfAkP0zCupP8bmnER5/1j+uaWZLkKQ=","jjxADdyu44I53Eal0X7M3hEMSGa0POLtQLpfyZ8e8Hk=","0NttTcRCHaB3AYdjhyIFQjsARtsgDbW2+UryJxr7RkQ=","86EHUCOC1QRU/IWvAz1DOHXCSZ3M8ryHUyZR9GdzvjQ=","vGKIgjvQl/d3WQ/Tce3OjKvIrzbnSQuBiTpIqW/vs74=","epCykNbAL2GYLjmS5hxTQkkf1qkWFM1zi7Evdglgwyo=","2O97SvwnBNPjZSl4VcJVdmrZXelS6bTmPNMNIUQOAXc=","ulHNDv5utZZWuQt6C4MhaeAptnQ6dra9bBFjq5CvI7o=","bXN6YLuZV2sLTYLaHeZCjjwgIb83BO7LtCC3LMmxNa0=","RWMPPn7rSmTCI6Uwxqywu3U6jFfRQEGXwwDsXRM5ZzU=","BNV7LVEXtL8Cr/S3mVTTPh7mBN5AV5Jb1QNaqe1j/Iw=","hS62tQGeHXyOC/7km55Uo0JaohYZyhCZaov5PI6oFFo=","/iiNTfoDvNPAewErlduEO+AL2M01MZMDP+cXWseOrRs=","BpI973Be/TxhB9gf8H+Of4gOUsN2d/Zmy9xej24aR2s=","Zgr8SgJaUpfjBD+qMVgzSqyHI2JceV4Wc8uHmcJvyGQ=","BZbmPKWpiOjhBs61GXZ5o0okkQ442z8i3jSTVUADFPM=","GqZrTm4MY6nsnU8+bKUdLjznKedbghF00FLBGTySj4Y=","IaIAHutkdT+8jQ1et0MYTHhfj0fhn2BcYEqpOe9DB4g=","ilDTkjMdtdJ2827sdzeEHwodyREwmsRn49DmbG8tri8=","qqyw74lYHBj+ieKjwBuwDPFb3vZmVfHQnyIF73EHopQ=","mSguk/0j2Xz48v+kjSQ8z34VFLOdmDM3D5b7IwTO/ug=","MiNC57Ls6Qr4Nh/JFgmj1s3IXl3KN93kDA30FJsHcN4=","hP6/sTay9yxE9soxprDK+wR2ocXj3Fvco2D5dOpw6kc=","mACt5QV3hxyTy8aAVo7kMf/jYdVvRgNk9KKTI2vl+6g=","WUN0P3YhoaulpO8e5ljLooJRthRNRz2HOjc3zanQJWU=","TBVXt/j70kpiocGDYPGVrzvWWof11H38je9ac34MqyI=","Sbnk7JAgCKvlYT4ghSlXS2TpwQHqy0vBnATgkLuE0J8=","T4USSkN8QJ+880XW0BJEZw32yyiYW/kcwoRsScIwy0A=","GKXxJZiAZYhkG0vd/mShsyYhziiVUXtIPwPEOlOqoVY=","4s2QlhWOuw5K43dI88xPad9OfJCHDyzNDcfaOu+wQbU=","1UKLW/BrjpcZf5SKqK9yWMgxgAys0t2UOFY0yJNMqQo=","8AakGfoCH0SQxBXcnCDFfJOgUiO6JyAMsTHe/EHVWyY=","5MBPtCNu3kX3g8CguEQZ7nV7M55oPJkcE1/aJED1iBE=","ld69fGw4p/nmC0aSPJr1MNfKJ6qB5kPe5YsKBzdCtx4=","Kj7QACRKEm/FZ7u5UKhHCQO5ycZTn+6eXgA9TY7hV2k=","D1115ExJ5Nztm0KA25JRNh0CdSJfStATtiKHW9h2jxc=","ApYb8Nez3JUHpduU7vNcwht5diVYLMa0+vcpaLuizac=","DMjyiseEVbVX1KhFSWZHAuauN2ztmtCEepaowsUukVM=","ot7o5KIarPgLWe4jMRZQE0M9h6QXk5vtijF7nPG6yiM=","WVimjaeziXI8ZzYfGYp9GAyf5UZixCbqOVjmyXaIKi0=","FOavFhM4uxYFRlyId3G2nYryhTqDJb+E/Xyv+IqH3wQ=","8lKPJG85Ef8FBF1f/YYbfTo3mvaew98rT3NefhTNzZ0=","RtIe005aZHSPClLt29DPUIhmzIj8qPsEWRFjpsr/YE4=","hkXG7AfMdtXhZHBl5Zx8l9GX9J+wx5zpGlmOc7memlc=","pyJjAjQhS/k7SBpg7vPms9/U/7eimL814TU9PeSEOiU=","h0f89zZTsrCqU5SL4+1Gx/5pFzLkEBPOpY28q3MbZ3U=","CGmJ4zCc2BiP9lFmnMGJYa/tjdseG2ptqFYpv5YvAcM=","hVkQy0N2NNSkJgZsakCxPQsyNFVn41SRIBn8IDvSdw4=","5jE0Tphwb3Jz4ymx62VqHUw45pIZw1+FeN2LnBiBwRo=","ZTd8nhDai4RSy+JJGHjkWr5cw2TOyIOihT+0TG67N9U=","p/Wocv7XmjpW6XINKqsFLgRuutPzTxw9KMdJMLX42wY=","qj3z7oBxLDYOfgGwW3q+b0duLiCfK7sQ7bacnYhBkzw=","GI2FDKE3CPthsAIIM2vH4m200s+/BpBf3Jc9nvF6DtY=","ZH9auwpy6QbYKQ5gvWEOZBh7jW3VbXxODuje76GCLkI=","AJmkH538/EZZSsADI7+JGhJDgrxqfGyDXTtg4+AWSYw=","8KbI59c4PDNH2p5ZUCetGF9FUWhF5+O8ykhHLHy4Hvo=","B6zg4PZoTelcDW3BMEXHOr7M/WxV+/DZWok/86mPG9k=","8wd8k2IR9uJVDfY/1io2oxudwbW4epCKfXP07p2HAO8=","UZ7MpOMYr4Xz+e2mP9MTRchASgN2cf30ZbSlZ9wH3CQ=","/MTroB2r04wRq5nfxf0G0TcvLGO8VlSRWLbipSeJ+4M=","4VC47PCgvxRY/rRvZCWlsN3C5xyoaNYlRXHt3eU+CiY=","Ek/FqXOyS13FmmX1aCtMcIxa7HGwaMi1XrOaNVHtYTA=","wjrfe6Gk1yVKXFP3A+85KIpTjcokfCPPbz1dqTYfVqg=","/N9YIRgJJpoh7XTd+fF9zXqPJanI+3mSaAhLgIzarNU=","eYUTdYk8iUkbTeTbOpBt1aMu3WyV2/nKanwsE8tpneE=","P9CoZlY9Rt6jWB2/ej1n5cqLVf6z2jEa+RQmzaNxNZo=","EYmciaS6H8vcPmW6up4XzjeNUfgtzJeUCl8wur6ZPp0=","8aIaP7f6OnbLf9Tkx+znaxqARbRsGfkbJN1Lv9moXd8=","Xsm+Qxpo4yceN771/fZWNsBL3GRrfSLJUoNAcE+zFcc=","fAu4zji7UigEe7fVfcUnxfAtuES+JTUhEvY9DgKZiFI=","R/lmLWV1yIC1CKRZUhFQkJy2nbbQhfBc+djblSU4dpA=","IMIPwE5rIjqEdSaptREKct/O1vRXtqAg3K882MhhEaw=","4hRwWfnE5uiAVllsTrl3cIugQof1FoRMyhb/B8c0CeM=","eFQpUgqS7RvQHL6IjoZo4kwJ95K4dWVCRLudz4LXlXA=","PctRSRMstGM5cRxATW05qH1DBWsoIV8zlpRrAH2Yp24=","M+NXG1t1AIcJUGYPMIiIK21DCmJ4O8qSW9xL6Mc+Kfc="],"block_size":4096,"path":"popup.bundle.js"},{"block_hashes":["fBsACc5sSgt7kWOUMDRYLm8RrfbT+icW/R4VomUaQFQ="],"block_size":4096,"path":"popup.html"}],"version":2}